image_path,similarity
GC10-DET-2/train/images/img_03_3403400600_00936.jpg,0.64854604
GC10-DET-2/train/images/img_06_4402719200_00017.jpg,0.62469679
GC10-DET-2/train/images/img_07_4402719100_00026.jpg,0.61045170
GC10-DET-2/train/images/img_06_4402719100_00020.jpg,0.59849769
GC10-DET-2/train/images/img_06_436164300_00003.jpg,0.58820039
GC10-DET-2/train/images/img_07_3403335600_00795.jpg,0.57728058
GC10-DET-2/train/images/img_07_4402719100_00025.jpg,0.57548457
GC10-DET-2/train/images/img_06_4402830700_01162.jpg,0.56982946
GC10-DET-2/train/images/img_03_425508100_00017.jpg,0.56535298
GC10-DET-2/train/images/img_06_3436814000_00005.jpg,0.55521363
GC10-DET-2/train/images/img_03_425639800_00874.jpg,0.55259490
GC10-DET-2/train/images/img_03_3403400200_00567.jpg,0.54956394
GC10-DET-2/train/images/img_06_3436814000_00006.jpg,0.54861975
GC10-DET-2/train/images/img_07_3436814000_00007.jpg,0.54627281
GC10-DET-2/train/images/img_06_3436814000_00011.jpg,0.54325873
GC10-DET-2/train/images/img_07_3436814000_00005.jpg,0.54283053
GC10-DET-2/train/images/img_06_3436814000_00009.jpg,0.53983158
GC10-DET-2/train/images/img_07_4402719100_00014.jpg,0.53864139
GC10-DET-2/train/images/img_06_436164700_01556.jpg,0.53533888
GC10-DET-2/train/images/img_06_3436814000_00008.jpg,0.52810997
GC10-DET-2/train/images/img_06_3436814000_00007.jpg,0.52701253
GC10-DET-2/train/images/img_07_3436814000_00011.jpg,0.52099562
GC10-DET-2/train/images/img_07_3436814000_00016.jpg,0.51079416
GC10-DET-2/train/images/img_03_4406742300_00001.jpg,0.50944668
GC10-DET-2/train/images/img_01_4406743300_00017.jpg,0.50518745
GC10-DET-2/train/images/img_06_3437011100_01183.jpg,0.50444049
GC10-DET-2/train/images/img_07_4404374100_01315.jpg,0.50365448
GC10-DET-2/train/images/img_02_4406743300_00001.jpg,0.50289321
GC10-DET-2/train/images/img_07_3436814000_00006.jpg,0.50260836
GC10-DET-2/train/images/img_07_4402719500_00001.jpg,0.49898472
GC10-DET-2/train/images/img_07_436164700_01552.jpg,0.49432433
GC10-DET-2/train/images/img_06_3436814000_00691.jpg,0.49321410
GC10-DET-2/train/images/img_07_4404374100_01279.jpg,0.49141136
GC10-DET-2/train/images/img_06_3436814000_00675.jpg,0.49130082
GC10-DET-2/train/images/img_07_4404374100_01348.jpg,0.49096391
GC10-DET-2/train/images/img_07_4404374100_01321.jpg,0.49067557
GC10-DET-2/train/images/img_07_3436814000_00009.jpg,0.48771313
GC10-DET-2/train/images/img_03_3403397300_00901.jpg,0.48697880
GC10-DET-2/train/images/img_07_4402719200_00026.jpg,0.48636222
GC10-DET-2/train/images/img_07_436164700_01555.jpg,0.48502213
GC10-DET-2/train/images/img_01_4406743300_00019.jpg,0.48499513
GC10-DET-2/train/images/img_03_3403397500_01395.jpg,0.48440099
GC10-DET-2/train/images/img_07_SIS002353_00788.jpg,0.48416039
GC10-DET-2/train/images/img_01_4406743300_00021.jpg,0.48372242
GC10-DET-2/train/images/img_06_3436814000_00679.jpg,0.48154396
GC10-DET-2/train/images/img_06_3403405800_00821.jpg,0.48081210
GC10-DET-2/train/images/img_03_3403404800_00998.jpg,0.48064250
GC10-DET-2/train/images/img_07_4405381400_00779.jpg,0.47808015
GC10-DET-2/train/images/img_06_3436814000_00687.jpg,0.47717267
GC10-DET-2/train/images/img_02_4402329100_00006.jpg,0.47630465
GC10-DET-2/train/images/img_03_4402541500_01471.jpg,0.47626135
GC10-DET-2/train/images/img_07_4404374100_01338.jpg,0.47479299
GC10-DET-2/train/images/img_06_3436639700_00760.jpg,0.47371933
GC10-DET-2/train/images/img_07_4405133600_00046.jpg,0.47321931
GC10-DET-2/train/images/img_07_4405376800_00042.jpg,0.47275981
GC10-DET-2/train/images/img_01_4406743300_00020.jpg,0.47152054
GC10-DET-2/train/images/img_06_4405133600_00035.jpg,0.47057298
GC10-DET-2/train/images/img_06_3436814000_00693.jpg,0.46820214
GC10-DET-2/train/images/img_07_4404374100_01349.jpg,0.46694157
GC10-DET-2/train/images/img_03_425644200_00680.jpg,0.46581471
GC10-DET-2/train/images/img_07_4405133600_00039.jpg,0.46572378
GC10-DET-2/train/images/img_06_3436639700_00756.jpg,0.46445531
GC10-DET-2/train/images/img_06_425505500_00051.jpg,0.46283835
GC10-DET-2/train/images/img_03_425505500_00018.jpg,0.46215644
GC10-DET-2/train/images/img_06_436164300_00004.jpg,0.46043822
GC10-DET-2/train/images/img_03_436164500_01130.jpg,0.46007282
GC10-DET-2/train/images/img_07_4405133600_00033.jpg,0.45977151
GC10-DET-2/train/images/img_07_436164700_01551.jpg,0.45938578
GC10-DET-2/train/images/img_06_3436814000_00686.jpg,0.45926824
GC10-DET-2/train/images/img_06_3436814000_00016.jpg,0.45884886
GC10-DET-2/train/images/img_03_4402117400_00003.jpg,0.45842737
GC10-DET-2/train/images/img_07_3403334600_00682.jpg,0.45582822
GC10-DET-2/train/images/img_06_3403328800_01055.jpg,0.45563152
GC10-DET-2/train/images/img_07_4404374100_01265.jpg,0.45560855
GC10-DET-2/train/images/img_06_3403329100_01563.jpg,0.45462203
GC10-DET-2/train/images/img_03_3403394000_01158.jpg,0.45359904
GC10-DET-2/train/images/img_06_3403405000_00719.jpg,0.45247552
GC10-DET-2/train/images/img_03_SIS001540_00771.jpg,0.44928542
GC10-DET-2/train/images/img_06_4405133600_00034.jpg,0.44915122
GC10-DET-2/train/images/img_06_425615200_00639.jpg,0.44848308
GC10-DET-2/train/images/img_07_4405376800_00039.jpg,0.44597676
GC10-DET-2/train/images/img_02_4403466500_00019.jpg,0.44588903
GC10-DET-2/train/images/img_06_4406743300_00001.jpg,0.44537416
GC10-DET-2/train/images/img_01_3436815300_00478.jpg,0.44353208
GC10-DET-2/train/images/img_03_3403396800_01005.jpg,0.44312319
GC10-DET-2/train/images/img_06_3436786500_00002.jpg,0.44212154
GC10-DET-2/train/images/img_06_4406743300_00023.jpg,0.44197077
GC10-DET-2/train/images/img_02_4402785600_00004.jpg,0.44120654
GC10-DET-2/train/images/img_03_3403331900_01545.jpg,0.44113877
GC10-DET-2/train/images/img_07_3436785900_00004.jpg,0.43929225
GC10-DET-2/train/images/img_03_425637800_00890.jpg,0.43923047
GC10-DET-2/train/images/img_06_3403395500_01126.jpg,0.43894148
GC10-DET-2/train/images/img_01_3436815300_00477.jpg,0.43829319
GC10-DET-2/train/images/img_07_4404712100_01000.jpg,0.43824846
GC10-DET-2/train/images/img_06_3403400800_00948.jpg,0.43706331
GC10-DET-2/train/images/img_03_4406425200_00001.jpg,0.43659368
GC10-DET-2/train/images/img_07_4405133600_00044.jpg,0.43657005
GC10-DET-2/train/images/img_06_3436814000_00688.jpg,0.43613422
GC10-DET-2/train/images/img_06_4404374100_01350.jpg,0.43610933
GC10-DET-2/train/images/img_04_425502300_00017.jpg,0.43605977
GC10-DET-2/train/images/img_02_4402852500_01045.jpg,0.43525609
GC10-DET-2/train/images/img_03_436185700_00002.jpg,0.43487388
GC10-DET-2/train/images/img_03_SIS001540_00786.jpg,0.43378749
GC10-DET-2/train/images/img_07_3436814000_00010.jpg,0.43333644
GC10-DET-2/train/images/img_06_425508700_00053.jpg,0.43263334
GC10-DET-2/train/images/img_03_425505900_00018.jpg,0.43247896
GC10-DET-2/train/images/img_03_3437006900_00002.jpg,0.43172392
GC10-DET-2/train/images/img_01_3436815300_00473.jpg,0.43114793
GC10-DET-2/train/images/img_03_3403406000_00825.jpg,0.43033761
GC10-DET-2/train/images/img_06_3437011300_00001.jpg,0.43027499
GC10-DET-2/train/images/img_06_430103100_01150.jpg,0.43008801
GC10-DET-2/train/images/img_03_425614700_00712.jpg,0.42997810
GC10-DET-2/train/images/img_07_3403406200_01076.jpg,0.42870867
GC10-DET-2/train/images/img_02_3402617200_00001.jpg,0.42765805
GC10-DET-2/train/images/img_06_430103100_01149.jpg,0.42757145
GC10-DET-2/train/images/img_07_4406743300_00001.jpg,0.42741263
GC10-DET-2/train/images/img_07_3437011100_01183.jpg,0.42731628
GC10-DET-2/train/images/img_05_425637900_00899.jpg,0.42641628
GC10-DET-2/train/images/img_07_4405376700_00809.jpg,0.42615047
GC10-DET-2/train/images/img_07_4405133600_00036.jpg,0.42589888
GC10-DET-2/train/images/img_07_4405133600_00034.jpg,0.42587525
GC10-DET-2/train/images/img_02_4403466600_00004.jpg,0.42525694
GC10-DET-2/train/images/img_07_3436814000_00692.jpg,0.42490041
GC10-DET-2/train/images/img_06_427199900_00007.jpg,0.42446592
GC10-DET-2/train/images/img_03_SIS001540_00789.jpg,0.42439148
GC10-DET-2/train/images/img_06_3403405900_00856.jpg,0.42177051
GC10-DET-2/train/images/img_03_SIS001540_00788.jpg,0.42110497
GC10-DET-2/train/images/img_06_425508200_00053.jpg,0.42053783
GC10-DET-2/train/images/img_06_425639800_00873.jpg,0.42048082
GC10-DET-2/train/images/img_02_3436813700_00270.jpg,0.42015785
GC10-DET-2/train/images/img_07_4406743300_00045.jpg,0.41974160
GC10-DET-2/train/images/img_06_3403334000_00839.jpg,0.41904005
GC10-DET-2/train/images/img_07_3436814000_00693.jpg,0.41882211
GC10-DET-2/train/images/img_03_SIS001540_00778.jpg,0.41753787
GC10-DET-2/train/images/img_06_425507400_00053.jpg,0.41692838
GC10-DET-2/train/images/img_03_436068500_00002.jpg,0.41583681
GC10-DET-2/train/images/img_06_3436642500_00002.jpg,0.41548643
GC10-DET-2/train/images/img_02_4402541100_00001.jpg,0.41487741
GC10-DET-2/train/images/img_07_4406743300_00060.jpg,0.41361240
GC10-DET-2/train/images/img_03_SIS001540_00785.jpg,0.41328216
GC10-DET-2/train/images/img_04_425502100_00018.jpg,0.41193053
GC10-DET-2/train/images/img_03_4402766800_00010.jpg,0.41164610
GC10-DET-2/train/images/img_07_4405376800_00038.jpg,0.41154850
GC10-DET-2/train/images/img_03_SIS001540_00772.jpg,0.41134080
GC10-DET-2/train/images/img_06_425503500_00053.jpg,0.41075972
GC10-DET-2/train/images/img_06_3436814000_00681.jpg,0.41059521
GC10-DET-2/train/images/img_06_4406424500_00002.jpg,0.41029346
GC10-DET-2/train/images/img_03_SIS001540_00810.jpg,0.41025153
GC10-DET-2/train/images/img_03_436150100_00001.jpg,0.40955272
GC10-DET-2/train/images/img_03_4404580600_00513.jpg,0.40904710
GC10-DET-2/train/images/img_03_SIS001533_00329.jpg,0.40893263
GC10-DET-2/train/images/img_07_4405377700_00912.jpg,0.40865940
GC10-DET-2/train/images/img_02_3436813700_00788.jpg,0.40837988
GC10-DET-2/train/images/img_06_4406743300_00045.jpg,0.40765238
GC10-DET-2/train/images/img_03_3403404300_01219.jpg,0.40754205
GC10-DET-2/train/images/img_03_SIS001577_00019.jpg,0.40704224
GC10-DET-2/train/images/img_02_4402117200_00004.jpg,0.40647578
GC10-DET-2/train/images/img_07_427199900_00007.jpg,0.40532610
GC10-DET-2/train/images/img_06_4406743300_00066.jpg,0.40514666
GC10-DET-2/train/images/img_06_3403333800_00715.jpg,0.40484554
GC10-DET-2/train/images/img_06_4404374100_01306.jpg,0.40444863
GC10-DET-2/train/images/img_07_3436814000_00694.jpg,0.40421444
GC10-DET-2/train/images/img_06_3436814600_00007.jpg,0.40361127
GC10-DET-2/train/images/img_02_3436813700_00275.jpg,0.40360066
GC10-DET-2/train/images/img_06_4406424300_00002.jpg,0.40357012
GC10-DET-2/train/images/img_02_4403466500_00023.jpg,0.40316886
GC10-DET-2/train/images/img_02_4405356600_00896.jpg,0.40297213
GC10-DET-2/train/images/img_07_4403743900_00001.jpg,0.40238234
GC10-DET-2/train/images/img_02_3436813700_00302.jpg,0.40177795
GC10-DET-2/train/images/img_05_425637800_00891.jpg,0.40161979
GC10-DET-2/train/images/img_03_425508200_00018.jpg,0.40151998
GC10-DET-2/train/images/img_04_SIS001577_00052.jpg,0.40139967
GC10-DET-2/train/images/img_03_3403399500_00888.jpg,0.40102395
GC10-DET-2/train/images/img_07_425390700_00050.jpg,0.40091366
GC10-DET-2/train/images/img_02_3436813700_00276.jpg,0.40083930
GC10-DET-2/train/images/img_06_3403333400_00834.jpg,0.39977133
GC10-DET-2/train/images/img_07_427199900_00008.jpg,0.39953214
GC10-DET-2/train/images/img_07_3436786500_00002.jpg,0.39924610
GC10-DET-2/train/images/img_02_3437009400_00001.jpg,0.39865693
GC10-DET-2/train/images/img_06_4404997500_01006.jpg,0.39795136
GC10-DET-2/train/images/img_02_3436813700_00265.jpg,0.39765996
GC10-DET-2/train/images/img_06_4406743300_00052.jpg,0.39721069
GC10-DET-2/train/images/img_03_SIS001540_00798.jpg,0.39717090
GC10-DET-2/train/images/img_03_SIS001540_00773.jpg,0.39714116
GC10-DET-2/train/images/img_03_4405000700_00831.jpg,0.39706203
GC10-DET-2/train/images/img_07_4405133600_00042.jpg,0.39669940
GC10-DET-2/train/images/img_06_3403403400_00768.jpg,0.39621845
GC10-DET-2/train/images/img_06_3403402100_00857.jpg,0.39557594
GC10-DET-2/train/images/img_02_4402116700_00002.jpg,0.39540049
GC10-DET-2/train/images/img_02_3436813700_00773.jpg,0.39507493
GC10-DET-2/train/images/img_06_4403801500_01282.jpg,0.39506781
GC10-DET-2/train/images/img_06_3436814000_00683.jpg,0.39447069
GC10-DET-2/train/images/img_04_424826800_00003.jpg,0.39368397
GC10-DET-2/train/images/img_06_3403395200_01004.jpg,0.39274201
GC10-DET-2/train/images/img_02_3436813700_00307.jpg,0.39237556
GC10-DET-2/train/images/img_03_SIS001540_00776.jpg,0.39126655
GC10-DET-2/train/images/img_01_4406743300_00461.jpg,0.39119226
GC10-DET-2/train/images/img_06_425637800_00890.jpg,0.39084971
GC10-DET-2/train/images/img_03_425613600_00582.jpg,0.39073992
GC10-DET-2/train/images/img_02_3436813700_00298.jpg,0.39022222
GC10-DET-2/train/images/img_07_4406743300_00056.jpg,0.39021230
GC10-DET-2/train/images/img_04_3436814900_00223.jpg,0.38974071
GC10-DET-2/train/images/img_03_436152900_00005.jpg,0.38902226
GC10-DET-2/train/images/img_02_3436813700_00335.jpg,0.38845292
GC10-DET-2/train/images/img_02_3436813700_00274.jpg,0.38838890
GC10-DET-2/train/images/img_02_4403466100_00005.jpg,0.38825986
GC10-DET-2/train/images/img_03_4406425000_00001.jpg,0.38783702
GC10-DET-2/train/images/img_03_425501800_00019.jpg,0.38779616
GC10-DET-2/train/images/img_04_425502700_00016.jpg,0.38774687
GC10-DET-2/train/images/img_03_4406743300_00001.jpg,0.38744679
GC10-DET-2/train/images/img_02_3436813700_00273.jpg,0.38736168
GC10-DET-2/train/images/img_03_3402617500_00003.jpg,0.38719299
GC10-DET-2/train/images/img_07_4406743300_00112.jpg,0.38682613
GC10-DET-2/train/images/img_02_3436813700_00303.jpg,0.38663748
GC10-DET-2/train/images/img_03_SIS001540_00800.jpg,0.38648015
GC10-DET-2/train/images/img_07_4405376800_00037.jpg,0.38642585
GC10-DET-2/train/images/img_07_4406743300_00099.jpg,0.38631642
GC10-DET-2/train/images/img_02_3403405400_00930.jpg,0.38630998
GC10-DET-2/train/images/img_02_3436813700_00300.jpg,0.38618147
GC10-DET-2/train/images/img_03_425613800_00786.jpg,0.38603181
GC10-DET-2/train/images/img_07_4406743300_00038.jpg,0.38594308
GC10-DET-2/train/images/img_02_3436813700_00790.jpg,0.38543460
GC10-DET-2/train/images/img_03_SIS001540_00809.jpg,0.38503039
GC10-DET-2/train/images/img_04_436163100_00021.jpg,0.38495514
GC10-DET-2/train/images/img_06_4406743300_00042.jpg,0.38443196
GC10-DET-2/train/images/img_03_425609500_00746.jpg,0.38375491
GC10-DET-2/train/images/img_02_3436813700_00798.jpg,0.38344350
GC10-DET-2/train/images/img_07_4406743300_00027.jpg,0.38308015
GC10-DET-2/train/images/img_03_3403392000_01070.jpg,0.38274494
GC10-DET-2/train/images/img_07_4406743300_00037.jpg,0.38252369
GC10-DET-2/train/images/img_03_425507000_00925.jpg,0.38245633
GC10-DET-2/train/images/img_03_425638500_00716.jpg,0.38197786
GC10-DET-2/train/images/img_02_436153600_00747.jpg,0.38113990
GC10-DET-2/train/images/img_07_430103100_01150.jpg,0.38029668
GC10-DET-2/train/images/img_07_4406743300_00040.jpg,0.37989968
GC10-DET-2/train/images/img_03_425507000_00876.jpg,0.37956578
GC10-DET-2/train/images/img_03_4402785000_00001.jpg,0.37935221
GC10-DET-2/train/images/img_06_436185800_00723.jpg,0.37919319
GC10-DET-2/train/images/img_02_436185700_00002.jpg,0.37897411
GC10-DET-2/train/images/img_02_3436813700_00301.jpg,0.37893096
GC10-DET-2/train/images/img_06_4404612700_01306.jpg,0.37886190
GC10-DET-2/train/images/img_07_4404374100_01367.jpg,0.37885004
GC10-DET-2/train/images/img_03_3403405900_00857.jpg,0.37873271
GC10-DET-2/train/images/img_03_3403392100_00870.jpg,0.37805375
GC10-DET-2/train/images/img_03_SIS001540_00792.jpg,0.37777615
GC10-DET-2/train/images/img_03_424712600_00016.jpg,0.37721574
GC10-DET-2/train/images/img_06_4406425500_00001.jpg,0.37696224
GC10-DET-2/train/images/img_03_425507000_00919.jpg,0.37673998
GC10-DET-2/train/images/img_08_4406743300_00019.jpg,0.37649700
GC10-DET-2/train/images/img_02_4403466100_00004.jpg,0.37644863
GC10-DET-2/train/images/img_06_3403333000_00659.jpg,0.37587503
GC10-DET-2/train/images/img_08_436164700_01537.jpg,0.37538111
GC10-DET-2/train/images/img_03_4406424600_00002.jpg,0.37505943
GC10-DET-2/train/images/img_05_425608200_00006.jpg,0.37406456
GC10-DET-2/train/images/img_03_3403402100_00857.jpg,0.37398627
GC10-DET-2/train/images/img_07_4406743300_00094.jpg,0.37355733
GC10-DET-2/train/images/img_06_4406743300_00041.jpg,0.37327546
GC10-DET-2/train/images/img_02_3436813700_00306.jpg,0.37324744
GC10-DET-2/train/images/img_03_SIS001533_00310.jpg,0.37317148
GC10-DET-2/train/images/img_06_3436786500_00578.jpg,0.37313861
GC10-DET-2/train/images/img_06_4404374100_01337.jpg,0.37305835
GC10-DET-2/train/images/img_06_425614700_00694.jpg,0.37270942
GC10-DET-2/train/images/img_02_SIS001577_00072.jpg,0.37245017
GC10-DET-2/train/images/img_04_436163100_00033.jpg,0.37222201
GC10-DET-2/train/images/img_07_4406743300_00039.jpg,0.37191433
GC10-DET-2/train/images/img_04_4406743300_00595.jpg,0.37157020
GC10-DET-2/train/images/img_03_425644600_00004.jpg,0.37130839
GC10-DET-2/train/images/img_07_3437006500_00761.jpg,0.37118366
GC10-DET-2/train/images/img_01_4406743300_00223.jpg,0.37063086
GC10-DET-2/train/images/img_02_SIS001491_00257.jpg,0.37022829
GC10-DET-2/train/images/img_02_425621800_00916.jpg,0.36986971
GC10-DET-2/train/images/img_03_SIS001540_00782.jpg,0.36981240
GC10-DET-2/train/images/img_02_4404580600_00490.jpg,0.36979824
GC10-DET-2/train/images/img_01_4406743300_00216.jpg,0.36943012
GC10-DET-2/train/images/img_03_4403956700_00007.jpg,0.36930415
GC10-DET-2/train/images/img_01_4406743300_00215.jpg,0.36916906
GC10-DET-2/train/images/img_02_3436813700_00267.jpg,0.36898214
GC10-DET-2/train/images/img_07_4406743300_00104.jpg,0.36895597
GC10-DET-2/train/images/img_03_425644600_00001.jpg,0.36843225
GC10-DET-2/train/images/img_03_SIS001540_00805.jpg,0.36798996
GC10-DET-2/train/images/img_02_3436813700_00329.jpg,0.36792183
GC10-DET-2/train/images/img_03_4404580600_00527.jpg,0.36783245
GC10-DET-2/train/images/img_01_4406743300_00649.jpg,0.36765423
GC10-DET-2/train/images/img_07_4405376700_00815.jpg,0.36746094
GC10-DET-2/train/images/img_04_4406743300_00592.jpg,0.36738646
GC10-DET-2/train/images/img_07_4406743300_00036.jpg,0.36724830
GC10-DET-2/train/images/img_04_SIS001577_00040.jpg,0.36719090
GC10-DET-2/train/images/img_04_SIS001577_00038.jpg,0.36550170
GC10-DET-2/train/images/img_04_436163100_00012.jpg,0.36498132
GC10-DET-2/train/images/img_01_4406743300_00186.jpg,0.36443722
GC10-DET-2/train/images/img_04_SIS001577_00045.jpg,0.36441499
GC10-DET-2/train/images/img_03_SIS001540_00801.jpg,0.36435470
GC10-DET-2/train/images/img_03_3402617800_00047.jpg,0.36427581
GC10-DET-2/train/images/img_03_SIS001540_00794.jpg,0.36390057
GC10-DET-2/train/images/img_03_425614700_00001.jpg,0.36388162
GC10-DET-2/train/images/img_07_424826800_00493.jpg,0.36317104
GC10-DET-2/train/images/img_07_3436814000_00691.jpg,0.36316732
GC10-DET-2/train/images/img_02_3436813700_00794.jpg,0.36274996
GC10-DET-2/train/images/img_01_4406743300_00447.jpg,0.36258766
GC10-DET-2/train/images/img_03_436184600_00776.jpg,0.36247396
GC10-DET-2/train/images/img_03_4406846600_00001.jpg,0.36205569
GC10-DET-2/train/images/img_03_436184600_00779.jpg,0.36203834
GC10-DET-2/train/images/img_03_425507000_00894.jpg,0.36162207
GC10-DET-2/train/images/img_03_425507000_00900.jpg,0.36155623
GC10-DET-2/train/images/img_02_3403404600_01001.jpg,0.36130220
GC10-DET-2/train/images/img_07_4404893200_00890.jpg,0.36069149
GC10-DET-2/train/images/img_01_4406743300_00192.jpg,0.36049464
GC10-DET-2/train/images/img_03_3403403500_00735.jpg,0.36024284
GC10-DET-2/train/images/img_01_4406743300_00166.jpg,0.35993353
GC10-DET-2/train/images/img_07_424826800_00507.jpg,0.35941517
GC10-DET-2/train/images/img_06_425506100_00051.jpg,0.35935590
GC10-DET-2/train/images/img_02_3436813700_00269.jpg,0.35935318
GC10-DET-2/train/images/img_03_436184600_00782.jpg,0.35867420
GC10-DET-2/train/images/img_02_SIS001561_01227.jpg,0.35865510
GC10-DET-2/train/images/img_01_4406743300_00197.jpg,0.35854098
GC10-DET-2/train/images/img_06_4405133600_00921.jpg,0.35834572
GC10-DET-2/train/images/img_05_4402826400_01261.jpg,0.35793492
GC10-DET-2/train/images/img_02_436153600_00709.jpg,0.35752857
GC10-DET-2/train/images/img_07_4406743300_00092.jpg,0.35722494
GC10-DET-2/train/images/img_03_425507400_00018.jpg,0.35721910
GC10-DET-2/train/images/img_07_4406743300_00042.jpg,0.35657397
GC10-DET-2/train/images/img_06_3403401000_00864.jpg,0.35626030
GC10-DET-2/train/images/img_01_4406743300_00650.jpg,0.35618308
GC10-DET-2/train/images/img_06_4402852500_01045.jpg,0.35617024
GC10-DET-2/train/images/img_06_4406645900_00001.jpg,0.35574648
GC10-DET-2/train/images/img_06_4406743300_00034.jpg,0.35567543
GC10-DET-2/train/images/img_07_3403335500_00710.jpg,0.35564941
GC10-DET-2/train/images/img_03_SIS001491_00361.jpg,0.35550269
GC10-DET-2/train/images/img_02_SIS001522_00028.jpg,0.35509264
GC10-DET-2/train/images/img_01_4406743300_00160.jpg,0.35477427
GC10-DET-2/train/images/img_04_424826100_00001.jpg,0.35451949
GC10-DET-2/train/images/img_07_4406743300_00095.jpg,0.35442939
GC10-DET-2/train/images/img_02_4403466600_00003.jpg,0.35425958
GC10-DET-2/train/images/img_02_4402852400_00774.jpg,0.35407028
GC10-DET-2/train/images/img_03_425507000_00882.jpg,0.35399455
GC10-DET-2/train/images/img_07_4406743300_00041.jpg,0.35386789
GC10-DET-2/train/images/img_03_425613500_00597.jpg,0.35376078
GC10-DET-2/train/images/img_04_425502100_00017.jpg,0.35368675
GC10-DET-2/train/images/img_04_436163100_00039.jpg,0.35352224
GC10-DET-2/train/images/img_05_4406743300_00401.jpg,0.35321355
GC10-DET-2/train/images/img_03_425391100_00017.jpg,0.35294446
GC10-DET-2/train/images/img_05_4406743300_00913.jpg,0.35282475
GC10-DET-2/train/images/img_04_425637800_00890.jpg,0.35278660
GC10-DET-2/train/images/img_06_4404580600_01173.jpg,0.35255301
GC10-DET-2/train/images/img_08_3436789300_00961.jpg,0.35181800
GC10-DET-2/train/images/img_06_4405377100_00032.jpg,0.35166752
GC10-DET-2/train/images/img_06_4406743300_00033.jpg,0.35135254
GC10-DET-2/train/images/img_02_4403466700_00014.jpg,0.35115805
GC10-DET-2/train/images/img_08_3436815300_00019.jpg,0.35014638
GC10-DET-2/train/images/img_06_4406743300_00082.jpg,0.34996468
GC10-DET-2/train/images/img_04_436162900_00016.jpg,0.34990689
GC10-DET-2/train/images/img_06_4406743300_00093.jpg,0.34963334
GC10-DET-2/train/images/img_03_436184600_00778.jpg,0.34958920
GC10-DET-2/train/images/img_04_SIS001577_00046.jpg,0.34950852
GC10-DET-2/train/images/img_05_4406743300_00405.jpg,0.34946039
GC10-DET-2/train/images/img_03_425640000_00634.jpg,0.34930295
GC10-DET-2/train/images/img_03_SIS001540_00775.jpg,0.34897047
GC10-DET-2/train/images/img_01_4406743300_00195.jpg,0.34896141
GC10-DET-2/train/images/img_07_3436814000_00679.jpg,0.34885195
GC10-DET-2/train/images/img_06_3403403700_00805.jpg,0.34868830
GC10-DET-2/train/images/img_03_3403402800_00951.jpg,0.34857151
GC10-DET-2/train/images/img_04_436068700_00001.jpg,0.34832013
GC10-DET-2/train/images/img_03_SIS001577_00013.jpg,0.34826401
GC10-DET-2/train/images/img_07_424826800_00492.jpg,0.34803462
GC10-DET-2/train/images/img_01_4406743300_00159.jpg,0.34779224
GC10-DET-2/train/images/img_02_3436813700_00320.jpg,0.34758422
GC10-DET-2/train/images/img_04_436068100_00003.jpg,0.34753418
GC10-DET-2/train/images/img_06_436185800_00727.jpg,0.34745395
GC10-DET-2/train/images/img_07_4406743300_00026.jpg,0.34722883
GC10-DET-2/train/images/img_06_4406743300_00096.jpg,0.34653753
GC10-DET-2/train/images/img_03_3403400500_00340.jpg,0.34628767
GC10-DET-2/train/images/img_07_3436814000_00684.jpg,0.34610894
GC10-DET-2/train/images/img_06_4406743300_00092.jpg,0.34608191
GC10-DET-2/train/images/img_06_425644200_00680.jpg,0.34554449
GC10-DET-2/train/images/img_07_425637500_00653.jpg,0.34494123
GC10-DET-2/train/images/img_05_4406743300_00419.jpg,0.34492728
GC10-DET-2/train/images/img_03_436165200_00707.jpg,0.34441540
GC10-DET-2/train/images/img_03_425505700_00018.jpg,0.34437072
GC10-DET-2/train/images/img_04_4406743300_00004.jpg,0.34436637
GC10-DET-2/train/images/img_02_SIS001522_00026.jpg,0.34435236
GC10-DET-2/train/images/img_03_425507000_00872.jpg,0.34434164
GC10-DET-2/train/images/img_07_424826800_00488.jpg,0.34384945
GC10-DET-2/train/images/img_06_4406743300_00081.jpg,0.34366289
GC10-DET-2/train/images/img_02_436153600_00708.jpg,0.34352282
GC10-DET-2/train/images/img_02_4405230800_01134.jpg,0.34340030
GC10-DET-2/train/images/img_01_425243200_00439.jpg,0.34328413
GC10-DET-2/train/images/img_04_424799200_00001.jpg,0.34324393
GC10-DET-2/train/images/img_07_425502900_00052.jpg,0.34301284
GC10-DET-2/train/images/img_06_3403406000_00825.jpg,0.34299752
GC10-DET-2/train/images/img_05_4406743300_00627.jpg,0.34286046
GC10-DET-2/train/images/img_02_4402851700_00985.jpg,0.34260100
GC10-DET-2/train/images/img_07_4406743300_00132.jpg,0.34255537
GC10-DET-2/train/images/img_02_3436813700_00326.jpg,0.34250325
GC10-DET-2/train/images/img_02_436153600_00705.jpg,0.34244862
GC10-DET-2/train/images/img_05_4406743300_00499.jpg,0.34233558
GC10-DET-2/train/images/img_01_4406743300_00225.jpg,0.34228492
GC10-DET-2/train/images/img_04_425637900_00001.jpg,0.34214941
GC10-DET-2/train/images/img_03_425504800_00012.jpg,0.34195790
GC10-DET-2/train/images/img_01_4406743300_00307.jpg,0.34167653
GC10-DET-2/train/images/img_07_3403335100_01063.jpg,0.34107411
GC10-DET-2/train/images/img_05_4406743300_00467.jpg,0.34075955
GC10-DET-2/train/images/img_06_425390700_00051.jpg,0.34062871
GC10-DET-2/train/images/img_04_3402617700_01009.jpg,0.34037927
GC10-DET-2/train/images/img_06_3403399900_01007.jpg,0.34001276
GC10-DET-2/train/images/img_07_3403335200_00806.jpg,0.33968571
GC10-DET-2/train/images/img_03_424826100_00528.jpg,0.33963865
GC10-DET-2/train/images/img_07_4405168700_00711.jpg,0.33938152
GC10-DET-2/train/images/img_06_3403403800_00911.jpg,0.33888349
GC10-DET-2/train/images/img_02_436153600_00681.jpg,0.33884835
GC10-DET-2/train/images/img_03_436184600_00773.jpg,0.33878538
GC10-DET-2/train/images/img_02_436153600_00658.jpg,0.33877245
GC10-DET-2/train/images/img_01_4406743300_00152.jpg,0.33869338
GC10-DET-2/train/images/img_03_436153600_01213.jpg,0.33864215
GC10-DET-2/train/images/img_05_4406743300_00461.jpg,0.33859289
GC10-DET-2/train/images/img_02_4406783500_00010.jpg,0.33835596
GC10-DET-2/train/images/img_02_4403466000_00011.jpg,0.33817542
GC10-DET-2/train/images/img_07_424714400_00011.jpg,0.33806983
GC10-DET-2/train/images/img_02_4403466500_00008.jpg,0.33795395
GC10-DET-2/train/images/img_03_436185500_00005.jpg,0.33784613
GC10-DET-2/train/images/img_01_SIS001577_00049.jpg,0.33746889
GC10-DET-2/train/images/img_02_3436813700_00321.jpg,0.33722180
GC10-DET-2/train/images/img_02_436153600_00663.jpg,0.33717513
GC10-DET-2/train/images/img_07_4406743300_00035.jpg,0.33695078
GC10-DET-2/train/images/img_03_3402616900_00001.jpg,0.33686361
GC10-DET-2/train/images/img_02_436153600_00661.jpg,0.33663517
GC10-DET-2/train/images/img_04_425640100_00001.jpg,0.33660218
GC10-DET-2/train/images/img_03_436152900_00524.jpg,0.33654791
GC10-DET-2/train/images/img_02_4406772100_00003.jpg,0.33653909
GC10-DET-2/train/images/img_02_SIS001533_00311.jpg,0.33640769
GC10-DET-2/train/images/img_07_3403338900_00683.jpg,0.33635914
GC10-DET-2/train/images/img_02_4403466200_00006.jpg,0.33635238
GC10-DET-2/train/images/img_04_4402117300_00001.jpg,0.33571959
GC10-DET-2/train/images/img_05_4406743300_00608.jpg,0.33559936
GC10-DET-2/train/images/img_04_4406645900_00002.jpg,0.33549389
GC10-DET-2/train/images/img_01_4406743300_00475.jpg,0.33529770
GC10-DET-2/train/images/img_04_4402766700_00007.jpg,0.33496851
GC10-DET-2/train/images/img_05_4406743300_00371.jpg,0.33490002
GC10-DET-2/train/images/img_02_SIS001577_00067.jpg,0.33488420
GC10-DET-2/train/images/img_01_425243300_00234.jpg,0.33475310
GC10-DET-2/train/images/img_07_4404612800_00999.jpg,0.33471072
GC10-DET-2/train/images/img_05_425608200_00007.jpg,0.33469194
GC10-DET-2/train/images/img_06_4406743300_00087.jpg,0.33457449
GC10-DET-2/train/images/img_05_4406743300_00554.jpg,0.33434433
GC10-DET-2/train/images/img_02_3436813700_00309.jpg,0.33427790
GC10-DET-2/train/images/img_03_436152900_00522.jpg,0.33414012
GC10-DET-2/train/images/img_04_4402540800_01484.jpg,0.33406278
GC10-DET-2/train/images/img_06_3403397600_01060.jpg,0.33401257
GC10-DET-2/train/images/img_02_SIS001522_00036.jpg,0.33386648
GC10-DET-2/train/images/img_07_3436814000_00676.jpg,0.33378422
GC10-DET-2/train/images/img_06_4406743300_00095.jpg,0.33374763
GC10-DET-2/train/images/img_04_3402618000_00001.jpg,0.33370981
GC10-DET-2/train/images/img_04_4406645900_00763.jpg,0.33365300
GC10-DET-2/train/images/img_02_436153600_00697.jpg,0.33336926
GC10-DET-2/train/images/img_04_4402541000_00001.jpg,0.33318639
GC10-DET-2/train/images/img_06_4406743300_00101.jpg,0.33312833
GC10-DET-2/train/images/img_05_4406743300_00547.jpg,0.33292022
GC10-DET-2/train/images/img_06_4406743300_00036.jpg,0.33283889
GC10-DET-2/train/images/img_04_4406645900_00678.jpg,0.33250734
GC10-DET-2/train/images/img_04_4406743300_00277.jpg,0.33208004
GC10-DET-2/train/images/img_04_432220200_00001.jpg,0.33204249
GC10-DET-2/train/images/img_02_436153600_00660.jpg,0.33168629
GC10-DET-2/train/images/img_04_425616200_00001.jpg,0.33153388
GC10-DET-2/train/images/img_05_425637800_00890.jpg,0.33141178
GC10-DET-2/train/images/img_05_4406743300_00400.jpg,0.33106795
GC10-DET-2/train/images/img_04_424826100_00528.jpg,0.33100760
GC10-DET-2/train/images/img_02_436153600_00662.jpg,0.33090088
GC10-DET-2/train/images/img_02_3402576500_00001.jpg,0.33072209
GC10-DET-2/train/images/img_02_436153600_00659.jpg,0.33071637
GC10-DET-2/train/images/img_01_SIS001577_00032.jpg,0.33070272
GC10-DET-2/train/images/img_06_3403405900_00857.jpg,0.33067402
GC10-DET-2/train/images/img_04_425243200_00566.jpg,0.33059102
GC10-DET-2/train/images/img_02_SIS001522_00031.jpg,0.33045843
GC10-DET-2/train/images/img_01_436068700_00001.jpg,0.33038434
GC10-DET-2/train/images/img_06_4405000800_01031.jpg,0.33024207
GC10-DET-2/train/images/img_05_4406743300_00463.jpg,0.33000216
GC10-DET-2/train/images/img_04_4406645900_00824.jpg,0.32996017
GC10-DET-2/train/images/img_04_4402785000_00001.jpg,0.32988220
GC10-DET-2/train/images/img_03_4406645900_00454.jpg,0.32978615
GC10-DET-2/train/images/img_05_425622400_00001.jpg,0.32974729
GC10-DET-2/train/images/img_06_436185800_00731.jpg,0.32945725
GC10-DET-2/train/images/img_04_425508100_00018.jpg,0.32938281
GC10-DET-2/train/images/img_02_SIS001561_01413.jpg,0.32937887
GC10-DET-2/train/images/img_02_3436786500_00143.jpg,0.32927632
GC10-DET-2/train/images/img_03_436150300_00317.jpg,0.32921791
GC10-DET-2/train/images/img_06_3403341200_01133.jpg,0.32921717
GC10-DET-2/train/images/img_01_SIS001522_00033.jpg,0.32907861
GC10-DET-2/train/images/img_03_3403403700_00806.jpg,0.32902262
GC10-DET-2/train/images/img_05_4406743300_00417.jpg,0.32888046
GC10-DET-2/train/images/img_03_425389800_00017.jpg,0.32870355
GC10-DET-2/train/images/img_04_4402818600_00001.jpg,0.32858011
GC10-DET-2/train/images/img_04_431854700_00670.jpg,0.32850495
GC10-DET-2/train/images/img_04_4406743300_00005.jpg,0.32821664
GC10-DET-2/train/images/img_05_425608200_00814.jpg,0.32810545
GC10-DET-2/train/images/img_07_436164700_01536.jpg,0.32804823
GC10-DET-2/train/images/img_04_425503200_00019.jpg,0.32798833
GC10-DET-2/train/images/img_02_436153600_00683.jpg,0.32796317
GC10-DET-2/train/images/img_03_3403401900_00722.jpg,0.32794634
GC10-DET-2/train/images/img_04_4402787600_00001.jpg,0.32744426
GC10-DET-2/train/images/img_02_3402616100_00002.jpg,0.32741952
GC10-DET-2/train/images/img_04_4406772100_00001.jpg,0.32740051
GC10-DET-2/train/images/img_03_425507000_00018.jpg,0.32732797
GC10-DET-2/train/images/img_05_425614700_00001.jpg,0.32727101
GC10-DET-2/train/images/img_05_425640000_00634.jpg,0.32716841
GC10-DET-2/train/images/img_02_436153600_00699.jpg,0.32716557
GC10-DET-2/train/images/img_07_425005700_01204.jpg,0.32712626
GC10-DET-2/train/images/img_05_4406743300_00487.jpg,0.32712519
GC10-DET-2/train/images/img_06_4406743300_00094.jpg,0.32708329
GC10-DET-2/train/images/img_05_4406743300_00614.jpg,0.32698351
GC10-DET-2/train/images/img_03_436152900_00529.jpg,0.32671344
GC10-DET-2/train/images/img_03_425644100_00594.jpg,0.32645756
GC10-DET-2/train/images/img_06_425505700_00053.jpg,0.32607543
GC10-DET-2/train/images/img_08_4402719200_00026.jpg,0.32595864
GC10-DET-2/train/images/img_05_4406743300_00570.jpg,0.32595804
GC10-DET-2/train/images/img_04_436068600_00001.jpg,0.32560757
GC10-DET-2/train/images/img_02_436153600_00687.jpg,0.32549056
GC10-DET-2/train/images/img_02_436153600_00665.jpg,0.32537591
GC10-DET-2/train/images/img_04_425243200_00567.jpg,0.32515892
GC10-DET-2/train/images/img_04_424799400_01080.jpg,0.32504362
GC10-DET-2/train/images/img_02_SIS001491_00289.jpg,0.32495856
GC10-DET-2/train/images/img_03_436150300_00328.jpg,0.32481652
GC10-DET-2/train/images/img_02_4403466500_00010.jpg,0.32470140
GC10-DET-2/train/images/img_03_436152900_00605.jpg,0.32464102
GC10-DET-2/train/images/img_01_4406743300_00836.jpg,0.32461450
GC10-DET-2/train/images/img_01_425243300_00221.jpg,0.32460192
GC10-DET-2/train/images/img_01_SIS001522_00045.jpg,0.32437187
GC10-DET-2/train/images/img_03_436152900_00535.jpg,0.32419941
GC10-DET-2/train/images/img_05_4406743300_00523.jpg,0.32363540
GC10-DET-2/train/images/img_03_425639900_00615.jpg,0.32349116
GC10-DET-2/train/images/img_01_4406743300_00837.jpg,0.32302099
GC10-DET-2/train/images/img_05_4406743300_00435.jpg,0.32295734
GC10-DET-2/train/images/img_03_436164700_00001.jpg,0.32294112
GC10-DET-2/train/images/img_01_425243300_00296.jpg,0.32291633
GC10-DET-2/train/images/img_04_4406743300_00003.jpg,0.32265997
GC10-DET-2/train/images/img_05_4406743300_00479.jpg,0.32222700
GC10-DET-2/train/images/img_05_4406743300_00486.jpg,0.32197809
GC10-DET-2/train/images/img_02_436153600_00682.jpg,0.32196352
GC10-DET-2/train/images/img_02_436153600_00689.jpg,0.32190770
GC10-DET-2/train/images/img_05_4406743300_00447.jpg,0.32188568
GC10-DET-2/train/images/img_06_3403333900_00758.jpg,0.32169592
GC10-DET-2/train/images/img_02_436153600_00671.jpg,0.32165661
GC10-DET-2/train/images/img_02_3436786500_00142.jpg,0.32159203
GC10-DET-2/train/images/img_02_3436786500_00140.jpg,0.32152140
GC10-DET-2/train/images/img_03_3403394100_01319.jpg,0.32151970
GC10-DET-2/train/images/img_04_431854700_00086.jpg,0.32108113
GC10-DET-2/train/images/img_02_436153600_00695.jpg,0.32094362
GC10-DET-2/train/images/img_03_4402766600_00002.jpg,0.32081157
GC10-DET-2/train/images/img_04_436068100_00089.jpg,0.32078964
GC10-DET-2/train/images/img_03_3403402900_00962.jpg,0.32058319
GC10-DET-2/train/images/img_05_4406743300_00564.jpg,0.32055932
GC10-DET-2/train/images/img_02_436153600_00692.jpg,0.32043427
GC10-DET-2/train/images/img_05_4406743300_00539.jpg,0.32022202
GC10-DET-2/train/images/img_02_436153600_00684.jpg,0.32000586
GC10-DET-2/train/images/img_03_425637500_00653.jpg,0.31991264
GC10-DET-2/train/images/img_05_4406743300_00377.jpg,0.31970239
GC10-DET-2/train/images/img_03_3403393800_01156.jpg,0.31955057
GC10-DET-2/train/images/img_02_3436786500_00152.jpg,0.31925532
GC10-DET-2/train/images/img_02_436153600_00700.jpg,0.31925154
GC10-DET-2/train/images/img_04_425613700_00585.jpg,0.31900012
GC10-DET-2/train/images/img_04_425506300_00019.jpg,0.31865349
GC10-DET-2/train/images/img_01_4406743300_00637.jpg,0.31863791
GC10-DET-2/train/images/img_03_4402329000_00001.jpg,0.31837252
GC10-DET-2/train/images/img_02_436153600_00698.jpg,0.31831664
GC10-DET-2/train/images/img_02_436153600_00666.jpg,0.31820810
GC10-DET-2/train/images/img_04_436163100_00009.jpg,0.31818324
GC10-DET-2/train/images/img_03_436150300_00320.jpg,0.31813565
GC10-DET-2/train/images/img_04_425503000_00017.jpg,0.31807801
GC10-DET-2/train/images/img_01_4406743300_00797.jpg,0.31784996
GC10-DET-2/train/images/img_02_SIS001491_00261.jpg,0.31779650
GC10-DET-2/train/images/img_05_4406743300_00535.jpg,0.31777179
GC10-DET-2/train/images/img_07_3403335000_01066.jpg,0.31776986
GC10-DET-2/train/images/img_04_436068100_00077.jpg,0.31766745
GC10-DET-2/train/images/img_02_3402617700_01009.jpg,0.31762415
GC10-DET-2/train/images/img_02_436153600_00664.jpg,0.31748956
GC10-DET-2/train/images/img_04_4402831800_01217.jpg,0.31747434
GC10-DET-2/train/images/img_03_3403401700_00908.jpg,0.31735000
GC10-DET-2/train/images/img_03_425505400_00017.jpg,0.31712437
GC10-DET-2/train/images/img_03_425637700_00842.jpg,0.31657416
GC10-DET-2/train/images/img_03_436150300_00388.jpg,0.31649432
GC10-DET-2/train/images/img_02_436153600_00693.jpg,0.31646782
GC10-DET-2/train/images/img_04_425243100_00677.jpg,0.31642866
GC10-DET-2/train/images/img_02_425621800_00910.jpg,0.31625241
GC10-DET-2/train/images/img_02_3436789300_00908.jpg,0.31605569
GC10-DET-2/train/images/img_05_4406743300_00416.jpg,0.31582218
GC10-DET-2/train/images/img_05_4406743300_00480.jpg,0.31555253
GC10-DET-2/train/images/img_03_436150300_00329.jpg,0.31542575
GC10-DET-2/train/images/img_02_3403404500_01254.jpg,0.31534371
GC10-DET-2/train/images/img_07_436164700_01545.jpg,0.31529322
GC10-DET-2/train/images/img_04_425505000_00018.jpg,0.31528595
GC10-DET-2/train/images/img_06_3403404000_00927.jpg,0.31521860
GC10-DET-2/train/images/img_04_4401672100_00003.jpg,0.31517419
GC10-DET-2/train/images/img_01_425637800_00001.jpg,0.31513664
GC10-DET-2/train/images/img_03_4406783500_00009.jpg,0.31481308
GC10-DET-2/train/images/img_06_SIS002344_00834.jpg,0.31479970
GC10-DET-2/train/images/img_04_424798500_00304.jpg,0.31477728
GC10-DET-2/train/images/img_03_425391900_00018.jpg,0.31466863
GC10-DET-2/train/images/img_05_4406743300_00382.jpg,0.31462172
GC10-DET-2/train/images/img_04_425003700_00002.jpg,0.31459460
GC10-DET-2/train/images/img_04_425609500_00001.jpg,0.31450215
GC10-DET-2/train/images/img_06_425608200_00814.jpg,0.31444937
GC10-DET-2/train/images/img_01_425637900_00899.jpg,0.31443879
GC10-DET-2/train/images/img_04_424799300_01133.jpg,0.31436008
GC10-DET-2/train/images/img_03_425644600_00006.jpg,0.31432387
GC10-DET-2/train/images/img_03_436150300_00330.jpg,0.31363925
GC10-DET-2/train/images/img_01_4406743300_00801.jpg,0.31359351
GC10-DET-2/train/images/img_03_3402617200_00001.jpg,0.31350732
GC10-DET-2/train/images/img_04_425503600_00017.jpg,0.31338218
GC10-DET-2/train/images/img_07_424826800_00502.jpg,0.31336680
GC10-DET-2/train/images/img_07_436164700_01537.jpg,0.31328925
GC10-DET-2/train/images/img_04_425616200_00712.jpg,0.31316665
GC10-DET-2/train/images/img_07_4405168700_00710.jpg,0.31310269
GC10-DET-2/train/images/img_02_4403466200_00005.jpg,0.31305873
GC10-DET-2/train/images/img_06_427199900_01134.jpg,0.31295758
GC10-DET-2/train/images/img_02_3436786500_00137.jpg,0.31285748
GC10-DET-2/train/images/img_03_436153300_00001.jpg,0.31285119
GC10-DET-2/train/images/img_02_4402766800_00635.jpg,0.31271151
GC10-DET-2/train/images/img_04_425608200_00001.jpg,0.31261140
GC10-DET-2/train/images/img_04_424825700_00001.jpg,0.31241661
GC10-DET-2/train/images/img_07_425390700_00051.jpg,0.31222692
GC10-DET-2/train/images/img_05_4406743300_00849.jpg,0.31219006
GC10-DET-2/train/images/img_08_436068100_00004.jpg,0.31194460
GC10-DET-2/train/images/img_02_436153600_00696.jpg,0.31183717
GC10-DET-2/train/images/img_02_4403466700_00010.jpg,0.31171608
GC10-DET-2/train/images/img_05_4406743300_00423.jpg,0.31163612
GC10-DET-2/train/images/img_06_432235600_01054.jpg,0.31158480
GC10-DET-2/train/images/img_04_425391600_00018.jpg,0.31151861
GC10-DET-2/train/images/img_05_4406743300_00568.jpg,0.31148279
GC10-DET-2/train/images/img_06_425390200_00053.jpg,0.31142786
GC10-DET-2/train/images/img_01_3402617700_01009.jpg,0.31132925
GC10-DET-2/train/images/img_02_436153600_00691.jpg,0.31114158
GC10-DET-2/train/images/img_05_4406743300_00687.jpg,0.31108615
GC10-DET-2/train/images/img_06_3403404000_00928.jpg,0.31106240
GC10-DET-2/train/images/img_01_SIS001577_00041.jpg,0.31096119
GC10-DET-2/train/images/img_03_436152900_00545.jpg,0.31051153
GC10-DET-2/train/images/img_08_4405381400_00773.jpg,0.31017718
GC10-DET-2/train/images/img_02_4406645900_00001.jpg,0.31013966
GC10-DET-2/train/images/img_03_425638500_00001.jpg,0.31001896
GC10-DET-2/train/images/img_02_4403465900_00026.jpg,0.30950749
GC10-DET-2/train/images/img_05_4406743300_00420.jpg,0.30928305
GC10-DET-2/train/images/img_05_4406743300_00458.jpg,0.30926952
GC10-DET-2/train/images/img_02_3436813700_00318.jpg,0.30839714
GC10-DET-2/train/images/img_05_4406645900_00585.jpg,0.30831718
GC10-DET-2/train/images/img_02_425243200_00536.jpg,0.30827436
GC10-DET-2/train/images/img_02_3436786500_00141.jpg,0.30802634
GC10-DET-2/train/images/img_03_436150300_00373.jpg,0.30799931
GC10-DET-2/train/images/img_02_436153600_00688.jpg,0.30782917
GC10-DET-2/train/images/img_02_3436813700_00322.jpg,0.30728078
GC10-DET-2/train/images/img_07_424714400_00009.jpg,0.30708182
GC10-DET-2/train/images/img_07_4405381400_00773.jpg,0.30668926
GC10-DET-2/train/images/img_04_425392100_00022.jpg,0.30651662
GC10-DET-2/train/images/img_04_425613500_00001.jpg,0.30647472
GC10-DET-2/train/images/img_03_SIS001491_00285.jpg,0.30638519
GC10-DET-2/train/images/img_06_4402625300_00104.jpg,0.30632514
GC10-DET-2/train/images/img_03_4405356500_00897.jpg,0.30632043
GC10-DET-2/train/images/img_03_436150300_00326.jpg,0.30614740
GC10-DET-2/train/images/img_05_4406743300_00427.jpg,0.30598438
GC10-DET-2/train/images/img_05_436068100_00002.jpg,0.30581912
GC10-DET-2/train/images/img_07_436164700_01538.jpg,0.30579156
GC10-DET-2/train/images/img_07_4402625300_01262.jpg,0.30574831
GC10-DET-2/train/images/img_03_436150300_00318.jpg,0.30569854
GC10-DET-2/train/images/img_02_436153600_00669.jpg,0.30542201
GC10-DET-2/train/images/img_02_4403465900_00043.jpg,0.30539462
GC10-DET-2/train/images/img_02_425613700_00758.jpg,0.30528405
GC10-DET-2/train/images/img_04_425614600_00001.jpg,0.30510926
GC10-DET-2/train/images/img_03_425238500_01207.jpg,0.30485442
GC10-DET-2/train/images/img_02_425243200_00563.jpg,0.30485341
GC10-DET-2/train/images/img_02_4406430100_00002.jpg,0.30485052
GC10-DET-2/train/images/img_02_3436786500_00138.jpg,0.30452698
GC10-DET-2/train/images/img_02_425243200_00561.jpg,0.30449516
GC10-DET-2/train/images/img_06_4403068300_01280.jpg,0.30446187
GC10-DET-2/train/images/img_05_4406743300_00374.jpg,0.30411878
GC10-DET-2/train/images/img_05_4406743300_00562.jpg,0.30410367
GC10-DET-2/train/images/img_01_4406743300_00881.jpg,0.30382848
GC10-DET-2/train/images/img_06_4404580000_00741.jpg,0.30370381
GC10-DET-2/train/images/img_03_436184600_00786.jpg,0.30346784
GC10-DET-2/train/images/img_06_3403333200_00785.jpg,0.30340609
GC10-DET-2/train/images/img_03_436184600_00792.jpg,0.30332410
GC10-DET-2/train/images/img_03_436153600_00680.jpg,0.30311713
GC10-DET-2/train/images/img_02_4403466600_00014.jpg,0.30305576
GC10-DET-2/train/images/img_02_3402616900_00001.jpg,0.30299944
GC10-DET-2/train/images/img_02_3402617500_00787.jpg,0.30293453
GC10-DET-2/train/images/img_03_4402624500_00002.jpg,0.30293074
GC10-DET-2/train/images/img_02_436184600_00782.jpg,0.30245477
GC10-DET-2/train/images/img_04_4406645900_00001.jpg,0.30231935
GC10-DET-2/train/images/img_02_436153600_00685.jpg,0.30227163
GC10-DET-2/train/images/img_07_4406562900_00008.jpg,0.30223849
GC10-DET-2/train/images/img_04_425637500_00653.jpg,0.30220917
GC10-DET-2/train/images/img_01_425005700_00555.jpg,0.30205134
GC10-DET-2/train/images/img_02_SIS001522_00568.jpg,0.30171221
GC10-DET-2/train/images/img_07_3403334300_00854.jpg,0.30167070
GC10-DET-2/train/images/img_02_SIS001564_01335.jpg,0.30156168
GC10-DET-2/train/images/img_04_436165600_00004.jpg,0.30155453
GC10-DET-2/train/images/img_05_4406743300_00373.jpg,0.30150548
GC10-DET-2/train/images/img_06_4406645900_00485.jpg,0.30148256
GC10-DET-2/train/images/img_01_425243600_00631.jpg,0.30141944
GC10-DET-2/train/images/img_07_4404897500_00875.jpg,0.30119956
GC10-DET-2/train/images/img_05_4406743300_00391.jpg,0.30116090
GC10-DET-2/train/images/img_04_425613500_00311.jpg,0.30106542
GC10-DET-2/train/images/img_06_3403399700_00746.jpg,0.30098346
GC10-DET-2/train/images/img_06_4402625300_00109.jpg,0.30089390
GC10-DET-2/train/images/img_02_SIS001522_00555.jpg,0.30057108
GC10-DET-2/train/images/img_06_425502900_00052.jpg,0.30054322
GC10-DET-2/train/images/img_03_436068100_00003.jpg,0.30052629
GC10-DET-2/train/images/img_01_425005700_00506.jpg,0.30035391
GC10-DET-2/train/images/img_07_424799400_00071.jpg,0.30014986
GC10-DET-2/train/images/img_06_425613700_00781.jpg,0.30003989
GC10-DET-2/train/images/img_02_4403465900_00034.jpg,0.29995489
GC10-DET-2/train/images/img_05_4406743300_00615.jpg,0.29981932
GC10-DET-2/train/images/img_05_4406743300_00478.jpg,0.29975402
GC10-DET-2/train/images/img_04_436164000_00006.jpg,0.29963833
GC10-DET-2/train/images/img_02_425622600_00001.jpg,0.29957509
GC10-DET-2/train/images/img_04_425243200_00438.jpg,0.29938895
GC10-DET-2/train/images/img_03_SIS001533_00036.jpg,0.29931799
GC10-DET-2/train/images/img_04_425622400_00001.jpg,0.29914543
GC10-DET-2/train/images/img_03_425507200_00018.jpg,0.29907134
GC10-DET-2/train/images/img_05_4406743300_00390.jpg,0.29874763
GC10-DET-2/train/images/img_03_3403401800_00672.jpg,0.29867673
GC10-DET-2/train/images/img_03_436184600_00793.jpg,0.29864410
GC10-DET-2/train/images/img_05_425609500_00001.jpg,0.29833907
GC10-DET-2/train/images/img_04_4402851900_00001.jpg,0.29820511
GC10-DET-2/train/images/img_06_425502300_00053.jpg,0.29815885
GC10-DET-2/train/images/img_02_425243200_00533.jpg,0.29813403
GC10-DET-2/train/images/img_02_4402329000_00001.jpg,0.29810080
GC10-DET-2/train/images/img_04_3436787300_00002.jpg,0.29805756
GC10-DET-2/train/images/img_01_425616200_00001.jpg,0.29791659
GC10-DET-2/train/images/img_06_427199900_00001.jpg,0.29770842
GC10-DET-2/train/images/img_04_425503500_00018.jpg,0.29746750
GC10-DET-2/train/images/img_06_425503800_00052.jpg,0.29745513
GC10-DET-2/train/images/img_01_425243300_00542.jpg,0.29744938
GC10-DET-2/train/images/img_01_4406743300_00804.jpg,0.29722196
GC10-DET-2/train/images/img_04_425640100_00875.jpg,0.29703119
GC10-DET-2/train/images/img_02_4403465900_00045.jpg,0.29702553
GC10-DET-2/train/images/img_03_3402617700_01009.jpg,0.29699573
GC10-DET-2/train/images/img_04_436163100_00008.jpg,0.29691291
GC10-DET-2/train/images/img_06_425639900_00614.jpg,0.29661494
GC10-DET-2/train/images/img_03_436068400_00001.jpg,0.29639560
GC10-DET-2/train/images/img_01_3437011300_00918.jpg,0.29622602
GC10-DET-2/train/images/img_03_4402724500_01245.jpg,0.29613349
GC10-DET-2/train/images/img_02_SIS001491_00280.jpg,0.29609841
GC10-DET-2/train/images/img_03_436184600_00794.jpg,0.29607099
GC10-DET-2/train/images/img_03_3402617500_00787.jpg,0.29597718
GC10-DET-2/train/images/img_02_436184600_00779.jpg,0.29580933
GC10-DET-2/train/images/img_06_3403399600_00739.jpg,0.29580247
GC10-DET-2/train/images/img_02_SIS001491_00267.jpg,0.29572862
GC10-DET-2/train/images/img_04_431854700_00385.jpg,0.29567164
GC10-DET-2/train/images/img_01_4406743300_00823.jpg,0.29552582
GC10-DET-2/train/images/img_08_425608200_00007.jpg,0.29543078
GC10-DET-2/train/images/img_05_4406645900_00591.jpg,0.29541230
GC10-DET-2/train/images/img_02_4404580600_00661.jpg,0.29505864
GC10-DET-2/train/images/img_02_SIS002356_00001.jpg,0.29502073
GC10-DET-2/train/images/img_06_436164700_01537.jpg,0.29494059
GC10-DET-2/train/images/img_07_424714400_00008.jpg,0.29482785
GC10-DET-2/train/images/img_07_4406645900_00539.jpg,0.29477927
GC10-DET-2/train/images/img_07_424826800_00497.jpg,0.29475990
GC10-DET-2/train/images/img_03_3402618000_00035.jpg,0.29459152
GC10-DET-2/train/images/img_07_425503000_00061.jpg,0.29457086
GC10-DET-2/train/images/img_06_4406645900_00498.jpg,0.29427993
GC10-DET-2/train/images/img_06_3403338100_00785.jpg,0.29401281
GC10-DET-2/train/images/img_03_4406645900_00542.jpg,0.29377499
GC10-DET-2/train/images/img_07_3403335800_00900.jpg,0.29377434
GC10-DET-2/train/images/img_06_4406645900_00491.jpg,0.29376870
GC10-DET-2/train/images/img_04_4403690400_00005.jpg,0.29331636
GC10-DET-2/train/images/img_08_425503800_00053.jpg,0.29320544
GC10-DET-2/train/images/img_02_436153600_00686.jpg,0.29311222
GC10-DET-2/train/images/img_04_425508600_00017.jpg,0.29308966
GC10-DET-2/train/images/img_04_4406743300_00780.jpg,0.29274639
GC10-DET-2/train/images/img_03_436152900_00612.jpg,0.29268524
GC10-DET-2/train/images/img_03_SIS001561_01569.jpg,0.29263902
GC10-DET-2/train/images/img_03_436184600_00002.jpg,0.29253396
GC10-DET-2/train/images/img_03_436152900_00530.jpg,0.29253346
GC10-DET-2/train/images/img_07_424826800_00494.jpg,0.29239836
GC10-DET-2/train/images/img_03_425616200_00001.jpg,0.29218122
GC10-DET-2/train/images/img_05_4405356800_00902.jpg,0.29217273
GC10-DET-2/train/images/img_02_SIS001564_01308.jpg,0.29208061
GC10-DET-2/train/images/img_03_3402617400_01103.jpg,0.29192010
GC10-DET-2/train/images/img_06_436185800_00735.jpg,0.29186425
GC10-DET-2/train/images/img_06_4406424700_00001.jpg,0.29186031
GC10-DET-2/train/images/img_03_425622400_00001.jpg,0.29176244
GC10-DET-2/train/images/img_05_4406645900_00040.jpg,0.29140776
GC10-DET-2/train/images/img_05_4406743300_00384.jpg,0.29140219
GC10-DET-2/train/images/img_06_4406645900_00490.jpg,0.29120219
GC10-DET-2/train/images/img_08_4406743300_00001.jpg,0.29115686
GC10-DET-2/train/images/img_02_SIS001533_00164.jpg,0.29114026
GC10-DET-2/train/images/img_01_4406772100_00002.jpg,0.29082617
GC10-DET-2/train/images/img_02_436184600_00775.jpg,0.29065654
GC10-DET-2/train/images/img_02_4403466100_00011.jpg,0.29063255
GC10-DET-2/train/images/img_05_4406743300_00482.jpg,0.29049551
GC10-DET-2/train/images/img_04_4406645900_00767.jpg,0.29038602
GC10-DET-2/train/images/img_06_3403328900_01020.jpg,0.29031265
GC10-DET-2/train/images/img_01_425005700_00503.jpg,0.29012692
GC10-DET-2/train/images/img_04_4406645900_00857.jpg,0.29008675
GC10-DET-2/train/images/img_06_4406645900_00501.jpg,0.29003698
GC10-DET-2/train/images/img_04_425613500_00002.jpg,0.29001716
GC10-DET-2/train/images/img_03_424992500_00103.jpg,0.28944343
GC10-DET-2/train/images/img_08_4406743300_00413.jpg,0.28914052
GC10-DET-2/train/images/img_04_425243200_00562.jpg,0.28898117
GC10-DET-2/train/images/img_01_425243300_00467.jpg,0.28887698
GC10-DET-2/train/images/img_04_436163100_00005.jpg,0.28884256
GC10-DET-2/train/images/img_04_425508400_00018.jpg,0.28860456
GC10-DET-2/train/images/img_05_4406743300_00520.jpg,0.28851542
GC10-DET-2/train/images/img_02_4403466100_00013.jpg,0.28847715
GC10-DET-2/train/images/img_02_436184600_00774.jpg,0.28827307
GC10-DET-2/train/images/img_05_4406743300_00436.jpg,0.28751525
GC10-DET-2/train/images/img_05_4406772100_00001.jpg,0.28746772
GC10-DET-2/train/images/img_03_425644600_00003.jpg,0.28707814
GC10-DET-2/train/images/img_06_4403068400_01288.jpg,0.28697348
GC10-DET-2/train/images/img_08_4406743300_00390.jpg,0.28696766
GC10-DET-2/train/images/img_05_4406743300_00424.jpg,0.28686193
GC10-DET-2/train/images/img_03_425614400_00001.jpg,0.28680465
GC10-DET-2/train/images/img_04_424799600_00001.jpg,0.28616023
GC10-DET-2/train/images/img_06_3403331800_01590.jpg,0.28609774
GC10-DET-2/train/images/img_06_425640000_00633.jpg,0.28606802
GC10-DET-2/train/images/img_02_425243200_00115.jpg,0.28596365
GC10-DET-2/train/images/img_07_4406645900_00523.jpg,0.28581655
GC10-DET-2/train/images/img_05_4406743300_00448.jpg,0.28573900
GC10-DET-2/train/images/img_06_425506800_00054.jpg,0.28569797
GC10-DET-2/train/images/img_02_425243400_00052.jpg,0.28536072
GC10-DET-2/train/images/img_07_3403337800_00765.jpg,0.28515849
GC10-DET-2/train/images/img_05_4406743300_00555.jpg,0.28472665
GC10-DET-2/train/images/img_05_425616200_00711.jpg,0.28466189
GC10-DET-2/train/images/img_03_3437006100_00013.jpg,0.28437114
GC10-DET-2/train/images/img_04_436163100_00010.jpg,0.28435284
GC10-DET-2/train/images/img_07_3403405400_00930.jpg,0.28428778
GC10-DET-2/train/images/img_07_4404710300_00877.jpg,0.28413072
GC10-DET-2/train/images/img_02_SIS001522_00012.jpg,0.28350642
GC10-DET-2/train/images/img_04_436163100_00007.jpg,0.28344223
GC10-DET-2/train/images/img_08_4406743300_00414.jpg,0.28316373
GC10-DET-2/train/images/img_04_4406645900_00543.jpg,0.28315771
GC10-DET-2/train/images/img_06_3403391400_01266.jpg,0.28315657
GC10-DET-2/train/images/img_04_4406645900_00808.jpg,0.28312242
GC10-DET-2/train/images/img_03_436184600_00795.jpg,0.28312135
GC10-DET-2/train/images/img_07_436163600_01161.jpg,0.28309938
GC10-DET-2/train/images/img_01_3436814600_00259.jpg,0.28303197
GC10-DET-2/train/images/img_08_4402851700_00985.jpg,0.28302678
GC10-DET-2/train/images/img_07_4406645900_00527.jpg,0.28292042
GC10-DET-2/train/images/img_06_4406645900_00493.jpg,0.28250283
GC10-DET-2/train/images/img_04_SIS001577_00012.jpg,0.28211793
GC10-DET-2/train/images/img_04_3402617700_00395.jpg,0.28205684
GC10-DET-2/train/images/img_01_436067700_00689.jpg,0.28199604
GC10-DET-2/train/images/img_04_4406743300_00001.jpg,0.28195158
GC10-DET-2/train/images/img_04_431854700_00686.jpg,0.28191280
GC10-DET-2/train/images/img_01_425637800_00891.jpg,0.28186253
GC10-DET-2/train/images/img_03_4402724500_01243.jpg,0.28186005
GC10-DET-2/train/images/img_06_4402625300_01262.jpg,0.28161216
GC10-DET-2/train/images/img_08_4406743300_00395.jpg,0.28161168
GC10-DET-2/train/images/img_08_431854700_00034.jpg,0.28159860
GC10-DET-2/train/images/img_04_425392100_00023.jpg,0.28109416
GC10-DET-2/train/images/img_06_4406783500_00003.jpg,0.28103662
GC10-DET-2/train/images/img_04_431854700_00287.jpg,0.28064844
GC10-DET-2/train/images/img_08_4406743300_00396.jpg,0.28029081
GC10-DET-2/train/images/img_04_425382400_00001.jpg,0.28022084
GC10-DET-2/train/images/img_05_425614600_00001.jpg,0.28011993
GC10-DET-2/train/images/img_06_4406645900_00494.jpg,0.27991250
GC10-DET-2/train/images/img_03_425507600_00018.jpg,0.27971572
GC10-DET-2/train/images/img_07_4404893900_00568.jpg,0.27960256
GC10-DET-2/train/images/img_02_3436786500_00071.jpg,0.27959341
GC10-DET-2/train/images/img_02_3436786500_00072.jpg,0.27955088
GC10-DET-2/train/images/img_02_3402617400_01103.jpg,0.27955085
GC10-DET-2/train/images/img_03_425616500_00769.jpg,0.27947778
GC10-DET-2/train/images/img_08_4406743300_00384.jpg,0.27946049
GC10-DET-2/train/images/img_01_425005700_00565.jpg,0.27939218
GC10-DET-2/train/images/img_04_425392000_00021.jpg,0.27892062
GC10-DET-2/train/images/img_06_425502600_00052.jpg,0.27886572
GC10-DET-2/train/images/img_04_436163100_00055.jpg,0.27874801
GC10-DET-2/train/images/img_07_4406645900_00367.jpg,0.27853897
GC10-DET-2/train/images/img_04_425501700_00018.jpg,0.27838281
GC10-DET-2/train/images/img_06_4404892700_01142.jpg,0.27818695
GC10-DET-2/train/images/img_08_4406743300_00415.jpg,0.27814493
GC10-DET-2/train/images/img_05_425637700_00842.jpg,0.27795231
GC10-DET-2/train/images/img_03_425383400_00420.jpg,0.27794108
GC10-DET-2/train/images/img_05_4406743300_00001.jpg,0.27768004
GC10-DET-2/train/images/img_04_425243200_00125.jpg,0.27759051
GC10-DET-2/train/images/img_05_4405356600_00896.jpg,0.27747142
GC10-DET-2/train/images/img_07_425390700_00052.jpg,0.27740005
GC10-DET-2/train/images/img_03_425640100_00875.jpg,0.27734113
GC10-DET-2/train/images/img_06_4406645900_00489.jpg,0.27689719
GC10-DET-2/train/images/img_05_4406645900_00042.jpg,0.27668002
GC10-DET-2/train/images/img_05_4406743300_00507.jpg,0.27663088
GC10-DET-2/train/images/img_07_425243200_00001.jpg,0.27646491
GC10-DET-2/train/images/img_05_4406743300_00519.jpg,0.27602443
GC10-DET-2/train/images/img_04_425242900_00141.jpg,0.27566558
GC10-DET-2/train/images/img_05_4406743300_00516.jpg,0.27550906
GC10-DET-2/train/images/img_03_424992300_00428.jpg,0.27521807
GC10-DET-2/train/images/img_03_425505400_00075.jpg,0.27511582
GC10-DET-2/train/images/img_03_436152900_00582.jpg,0.27493554
GC10-DET-2/train/images/img_03_436152900_00578.jpg,0.27456528
GC10-DET-2/train/images/img_06_4406645900_00481.jpg,0.27415556
GC10-DET-2/train/images/img_07_3403338100_00785.jpg,0.27412650
GC10-DET-2/train/images/img_03_436068600_00001.jpg,0.27402988
GC10-DET-2/train/images/img_06_425614700_00001.jpg,0.27386260
GC10-DET-2/train/images/img_07_3403405500_00670.jpg,0.27382803
GC10-DET-2/train/images/img_03_4406645900_00001.jpg,0.27377802
GC10-DET-2/train/images/img_05_425613800_00787.jpg,0.27366436
GC10-DET-2/train/images/img_02_436184600_00785.jpg,0.27358288
GC10-DET-2/train/images/img_07_3437011100_00686.jpg,0.27355966
GC10-DET-2/train/images/img_08_425614700_00001.jpg,0.27352503
GC10-DET-2/train/images/img_06_4402541100_00001.jpg,0.27328092
GC10-DET-2/train/images/img_06_425614600_00432.jpg,0.27315012
GC10-DET-2/train/images/img_06_3403337800_00766.jpg,0.27286068
GC10-DET-2/train/images/img_06_4406562900_00002.jpg,0.27274957
GC10-DET-2/train/images/img_05_424798500_01235.jpg,0.27247548
GC10-DET-2/train/images/img_03_4406645900_00407.jpg,0.27228963
GC10-DET-2/train/images/img_06_3403393200_01334.jpg,0.27224171
GC10-DET-2/train/images/img_07_425503100_00007.jpg,0.27197167
GC10-DET-2/train/images/img_02_SIS001574_00003.jpg,0.27185971
GC10-DET-2/train/images/img_03_4406645900_00418.jpg,0.27182925
GC10-DET-2/train/images/img_07_4406645900_00566.jpg,0.27179343
GC10-DET-2/train/images/img_08_425608200_00006.jpg,0.27172318
GC10-DET-2/train/images/img_03_3403395700_01033.jpg,0.27165744
GC10-DET-2/train/images/img_05_425502300_00026.jpg,0.27070731
GC10-DET-2/train/images/img_07_4404580600_00507.jpg,0.27069968
GC10-DET-2/train/images/img_04_435974400_00005.jpg,0.27064133
GC10-DET-2/train/images/img_03_SIS001494_00049.jpg,0.27064121
GC10-DET-2/train/images/img_05_425614600_00470.jpg,0.27055210
GC10-DET-2/train/images/img_08_4406743300_00425.jpg,0.27038810
GC10-DET-2/train/images/img_03_425243400_00061.jpg,0.27033237
GC10-DET-2/train/images/img_01_425243600_00848.jpg,0.27016163
GC10-DET-2/train/images/img_06_425614600_00424.jpg,0.27002606
GC10-DET-2/train/images/img_04_424714400_00324.jpg,0.26964960
GC10-DET-2/train/images/img_08_425006200_01173.jpg,0.26962692
GC10-DET-2/train/images/img_05_425502200_00054.jpg,0.26951253
GC10-DET-2/train/images/img_08_4406743300_00406.jpg,0.26939949
GC10-DET-2/train/images/img_03_3403403300_00700.jpg,0.26921713
GC10-DET-2/train/images/img_08_425008000_00823.jpg,0.26882645
GC10-DET-2/train/images/img_06_4406645900_00479.jpg,0.26880437
GC10-DET-2/train/images/img_05_425503400_00053.jpg,0.26830876
GC10-DET-2/train/images/img_07_3437011100_00684.jpg,0.26829425
GC10-DET-2/train/images/img_08_4406743300_00069.jpg,0.26825935
GC10-DET-2/train/images/img_02_425614600_00432.jpg,0.26816520
GC10-DET-2/train/images/img_04_425501900_00018.jpg,0.26799038
GC10-DET-2/train/images/img_03_4406645900_00298.jpg,0.26744506
GC10-DET-2/train/images/img_05_425244400_00881.jpg,0.26740268
GC10-DET-2/train/images/img_06_4406645900_00492.jpg,0.26739588
GC10-DET-2/train/images/img_07_4406645900_00001.jpg,0.26730070
GC10-DET-2/train/images/img_07_4406645900_00546.jpg,0.26725528
GC10-DET-2/train/images/img_08_4406743300_00383.jpg,0.26697373
GC10-DET-2/train/images/img_07_425613800_00786.jpg,0.26697356
GC10-DET-2/train/images/img_06_3436786500_00565.jpg,0.26677364
GC10-DET-2/train/images/img_03_3436786500_00071.jpg,0.26665229
GC10-DET-2/train/images/img_03_436152900_00525.jpg,0.26663861
GC10-DET-2/train/images/img_03_4406645900_00544.jpg,0.26634640
GC10-DET-2/train/images/img_02_425243400_00057.jpg,0.26595542
GC10-DET-2/train/images/img_03_424826800_00073.jpg,0.26585668
GC10-DET-2/train/images/img_06_3403393800_01155.jpg,0.26582605
GC10-DET-2/train/images/img_03_4406562900_00002.jpg,0.26578054
GC10-DET-2/train/images/img_07_3403405200_00719.jpg,0.26555395
GC10-DET-2/train/images/img_03_436152900_00523.jpg,0.26542738
GC10-DET-2/train/images/img_07_4406645900_00559.jpg,0.26541239
GC10-DET-2/train/images/img_08_4406743300_00439.jpg,0.26518008
GC10-DET-2/train/images/img_08_4406743300_00374.jpg,0.26499653
GC10-DET-2/train/images/img_03_436152900_00585.jpg,0.26471686
GC10-DET-2/train/images/img_07_4406645900_00877.jpg,0.26441857
GC10-DET-2/train/images/img_07_4406645900_00517.jpg,0.26438415
GC10-DET-2/train/images/img_06_3403392100_00869.jpg,0.26426807
GC10-DET-2/train/images/img_05_3403334600_00682.jpg,0.26411149
GC10-DET-2/train/images/img_08_4406743300_00481.jpg,0.26407042
GC10-DET-2/train/images/img_07_4406645900_00518.jpg,0.26395810
GC10-DET-2/train/images/img_02_425622400_00001.jpg,0.26384476
GC10-DET-2/train/images/img_07_3403337700_00899.jpg,0.26382619
GC10-DET-2/train/images/img_04_424714400_00325.jpg,0.26375487
GC10-DET-2/train/images/img_08_4406743300_00409.jpg,0.26353383
GC10-DET-2/train/images/img_01_4406772100_00602.jpg,0.26346534
GC10-DET-2/train/images/img_06_4402787700_01015.jpg,0.26335299
GC10-DET-2/train/images/img_06_425508100_00054.jpg,0.26309815
GC10-DET-2/train/images/img_06_425613800_00787.jpg,0.26296857
GC10-DET-2/train/images/img_03_4406645900_00364.jpg,0.26293999
GC10-DET-2/train/images/img_08_4406743300_00459.jpg,0.26292881
GC10-DET-2/train/images/img_04_425637700_00842.jpg,0.26279002
GC10-DET-2/train/images/img_06_425505000_00050.jpg,0.26258057
GC10-DET-2/train/images/img_07_4406645900_00526.jpg,0.26202232
GC10-DET-2/train/images/img_04_425392600_00021.jpg,0.26197594
GC10-DET-2/train/images/img_07_425004200_00986.jpg,0.26192033
GC10-DET-2/train/images/img_07_3403404500_01254.jpg,0.26171774
GC10-DET-2/train/images/img_04_425502700_00017.jpg,0.26150545
GC10-DET-2/train/images/img_05_4406645900_00043.jpg,0.26149106
GC10-DET-2/train/images/img_02_SIS001533_00008.jpg,0.26144356
GC10-DET-2/train/images/img_03_425613500_00001.jpg,0.26136285
GC10-DET-2/train/images/img_06_425608200_00007.jpg,0.26123065
GC10-DET-2/train/images/img_08_436164500_01565.jpg,0.26116145
GC10-DET-2/train/images/img_01_SIS001577_00020.jpg,0.26107180
GC10-DET-2/train/images/img_04_436163100_00006.jpg,0.26106662
GC10-DET-2/train/images/img_06_4406645900_00312.jpg,0.26091951
GC10-DET-2/train/images/img_06_425503400_00040.jpg,0.26077604
GC10-DET-2/train/images/img_06_425508300_00054.jpg,0.26073956
GC10-DET-2/train/images/img_03_4401440300_00347.jpg,0.26056460
GC10-DET-2/train/images/img_07_425644600_00785.jpg,0.26054677
GC10-DET-2/train/images/img_08_4406743300_00461.jpg,0.26037753
GC10-DET-2/train/images/img_03_4405964900_00010.jpg,0.26037657
GC10-DET-2/train/images/img_01_425639800_00874.jpg,0.26028466
GC10-DET-2/train/images/img_08_4406743300_00468.jpg,0.25992686
GC10-DET-2/train/images/img_08_425503400_00053.jpg,0.25986549
GC10-DET-2/train/images/img_06_4406645900_00477.jpg,0.25983971
GC10-DET-2/train/images/img_08_425502600_00053.jpg,0.25979400
GC10-DET-2/train/images/img_08_4406743300_00410.jpg,0.25970346
GC10-DET-2/train/images/img_08_4406743300_00430.jpg,0.25966316
GC10-DET-2/train/images/img_07_3437011100_00693.jpg,0.25928605
GC10-DET-2/train/images/img_03_425505400_01015.jpg,0.25926632
GC10-DET-2/train/images/img_02_425243400_00044.jpg,0.25912589
GC10-DET-2/train/images/img_06_427199900_01065.jpg,0.25911573
GC10-DET-2/train/images/img_01_425614400_00001.jpg,0.25890607
GC10-DET-2/train/images/img_06_3403400500_00339.jpg,0.25882092
GC10-DET-2/train/images/img_06_3403399100_01155.jpg,0.25878295
GC10-DET-2/train/images/img_06_436164200_00003.jpg,0.25850025
GC10-DET-2/train/images/img_03_3402616100_00002.jpg,0.25836214
GC10-DET-2/train/images/img_02_4406783500_00004.jpg,0.25825328
GC10-DET-2/train/images/img_06_425504900_00051.jpg,0.25778967
GC10-DET-2/train/images/img_03_4405964400_00010.jpg,0.25751036
GC10-DET-2/train/images/img_08_4406743300_00408.jpg,0.25747505
GC10-DET-2/train/images/img_04_4405001100_00859.jpg,0.25743768
GC10-DET-2/train/images/img_08_4406743300_00391.jpg,0.25739726
GC10-DET-2/train/images/img_02_4402818600_00001.jpg,0.25738591
GC10-DET-2/train/images/img_07_3437011100_00683.jpg,0.25738406
GC10-DET-2/train/images/img_06_425637500_00652.jpg,0.25729886
GC10-DET-2/train/images/.ipynb_checkpoints/img_01_3402617700_00001-checkpoint.jpg,0.25723734
GC10-DET-2/train/images/img_01_3402617700_00001.jpg,0.25723734
GC10-DET-2/train/images/img_07_3436814000_00680.jpg,0.25714952
GC10-DET-2/train/images/img_05_4405228100_00452.jpg,0.25707152
GC10-DET-2/train/images/img_03_425243200_00116.jpg,0.25705695
GC10-DET-2/train/images/img_06_425502700_00052.jpg,0.25705677
GC10-DET-2/train/images/img_04_SIS001577_00010.jpg,0.25703204
GC10-DET-2/train/images/img_06_425502600_00053.jpg,0.25691402
GC10-DET-2/train/images/img_08_4406743300_00420.jpg,0.25678536
GC10-DET-2/train/images/img_06_3403392000_01069.jpg,0.25659108
GC10-DET-2/train/images/img_07_4406645900_00531.jpg,0.25654453
GC10-DET-2/train/images/img_01_4403565100_00014.jpg,0.25643530
GC10-DET-2/train/images/img_05_425244300_00741.jpg,0.25627166
GC10-DET-2/train/images/img_05_4406645900_00044.jpg,0.25607800
GC10-DET-2/train/images/img_08_3403334600_00681.jpg,0.25605372
GC10-DET-2/train/images/img_03_425508300_00320.jpg,0.25593606
GC10-DET-2/train/images/img_08_425502900_00053.jpg,0.25579724
GC10-DET-2/train/images/img_08_4406743300_00399.jpg,0.25578919
GC10-DET-2/train/images/img_08_4406743300_00486.jpg,0.25577015
GC10-DET-2/train/images/img_07_425390800_00008.jpg,0.25570378
GC10-DET-2/train/images/img_07_436165200_00706.jpg,0.25550142
GC10-DET-2/train/images/img_03_4406645900_00381.jpg,0.25538039
GC10-DET-2/train/images/img_06_4406645900_00480.jpg,0.25519028
GC10-DET-2/train/images/img_05_4406645900_00038.jpg,0.25507811
GC10-DET-2/train/images/img_06_436153300_01007.jpg,0.25496823
GC10-DET-2/train/images/img_07_4406645900_00522.jpg,0.25495657
GC10-DET-2/train/images/img_05_425503200_00065.jpg,0.25478712
GC10-DET-2/train/images/img_01_425622400_00001.jpg,0.25453052
GC10-DET-2/train/images/img_04_425505400_00017.jpg,0.25428119
GC10-DET-2/train/images/img_08_436068100_00003.jpg,0.25395283
GC10-DET-2/train/images/img_06_425614600_00435.jpg,0.25383314
GC10-DET-2/train/images/img_08_4406743300_00477.jpg,0.25311419
GC10-DET-2/train/images/img_03_424714400_00306.jpg,0.25301757
GC10-DET-2/train/images/img_08_4406743300_00378.jpg,0.25276721
GC10-DET-2/train/images/img_08_4406743300_00455.jpg,0.25275603
GC10-DET-2/train/images/img_03_3403394800_00844.jpg,0.25241849
GC10-DET-2/train/images/img_03_436184600_00799.jpg,0.25230405
GC10-DET-2/train/images/img_05_425637500_00652.jpg,0.25225887
GC10-DET-2/train/images/img_02_4403466900_00011.jpg,0.25212818
GC10-DET-2/train/images/img_06_427199900_01016.jpg,0.25205800
GC10-DET-2/train/images/img_08_425614600_00470.jpg,0.25197986
GC10-DET-2/train/images/img_07_425507000_00965.jpg,0.25191972
GC10-DET-2/train/images/img_07_4406645900_00755.jpg,0.25168136
GC10-DET-2/train/images/img_05_425506100_00052.jpg,0.25162324
GC10-DET-2/train/images/img_02_4406645900_00565.jpg,0.25152752
GC10-DET-2/train/images/img_03_425505400_01033.jpg,0.25139019
GC10-DET-2/train/images/img_03_424992300_00514.jpg,0.25133485
GC10-DET-2/train/images/img_02_436149500_00369.jpg,0.25121379
GC10-DET-2/train/images/img_05_425503800_00053.jpg,0.25080842
GC10-DET-2/train/images/img_08_4406743300_00397.jpg,0.25074592
GC10-DET-2/train/images/img_08_4406743300_00432.jpg,0.25054821
GC10-DET-2/train/images/img_03_425508400_00378.jpg,0.25038847
GC10-DET-2/train/images/img_07_4406645900_00570.jpg,0.25035867
GC10-DET-2/train/images/img_03_424992500_00525.jpg,0.25029558
GC10-DET-2/train/images/img_08_4406743300_00463.jpg,0.25019622
GC10-DET-2/train/images/img_05_425640100_00874.jpg,0.25014558
GC10-DET-2/train/images/img_01_425241500_01136.jpg,0.25008109
GC10-DET-2/train/images/img_07_3437011100_00685.jpg,0.24983363
GC10-DET-2/train/images/img_02_4405377500_01014.jpg,0.24968290
GC10-DET-2/train/images/img_08_4406743300_00401.jpg,0.24960308
GC10-DET-2/train/images/img_04_425622400_00002.jpg,0.24942495
GC10-DET-2/train/images/img_08_425637800_00890.jpg,0.24915253
GC10-DET-2/train/images/img_06_4402625300_01263.jpg,0.24895552
GC10-DET-2/train/images/img_03_425503100_00022.jpg,0.24894972
GC10-DET-2/train/images/img_04_4402117000_00004.jpg,0.24881873
GC10-DET-2/train/images/img_08_4401438800_01040.jpg,0.24857138
GC10-DET-2/train/images/img_03_424826800_00420.jpg,0.24844792
GC10-DET-2/train/images/img_07_4406645900_00530.jpg,0.24842244
GC10-DET-2/train/images/img_04_425237800_01032.jpg,0.24837114
GC10-DET-2/train/images/img_08_4406743300_00427.jpg,0.24818124
GC10-DET-2/train/images/img_05_4406645900_00001.jpg,0.24794030
GC10-DET-2/train/images/img_03_4403465900_00023.jpg,0.24781817
GC10-DET-2/train/images/img_06_425614600_00421.jpg,0.24737693
GC10-DET-2/train/images/img_06_3436815600_01098.jpg,0.24728256
GC10-DET-2/train/images/img_06_425614600_00431.jpg,0.24718989
GC10-DET-2/train/images/img_07_3403403900_00809.jpg,0.24680354
GC10-DET-2/train/images/img_05_4406645900_00121.jpg,0.24668387
GC10-DET-2/train/images/img_03_425505400_01021.jpg,0.24664752
GC10-DET-2/train/images/img_03_436184600_00800.jpg,0.24594714
GC10-DET-2/train/images/img_02_425644200_00602.jpg,0.24593163
GC10-DET-2/train/images/img_08_4406743300_00411.jpg,0.24587902
GC10-DET-2/train/images/img_05_425613500_00596.jpg,0.24584554
GC10-DET-2/train/images/img_07_3437011100_00688.jpg,0.24581081
GC10-DET-2/train/images/img_08_425613500_00596.jpg,0.24565502
GC10-DET-2/train/images/img_07_436164500_01565.jpg,0.24553770
GC10-DET-2/train/images/img_02_436152900_00538.jpg,0.24546017
GC10-DET-2/train/images/img_06_4405228000_01156.jpg,0.24504353
GC10-DET-2/train/images/img_06_425614600_00423.jpg,0.24495022
GC10-DET-2/train/images/img_03_425609500_00001.jpg,0.24479060
GC10-DET-2/train/images/img_08_4406743300_00392.jpg,0.24475569
GC10-DET-2/train/images/img_06_425614600_00419.jpg,0.24469449
GC10-DET-2/train/images/img_03_424992300_00520.jpg,0.24455285
GC10-DET-2/train/images/img_07_425504800_00992.jpg,0.24445291
GC10-DET-2/train/images/img_03_425003700_00402.jpg,0.24426135
GC10-DET-2/train/images/img_08_425502200_00054.jpg,0.24411961
GC10-DET-2/train/images/img_03_436184600_00797.jpg,0.24390395
GC10-DET-2/train/images/img_03_4406772100_00001.jpg,0.24380161
GC10-DET-2/train/images/img_08_4406743300_00456.jpg,0.24372634
GC10-DET-2/train/images/img_03_436152900_00526.jpg,0.24358855
GC10-DET-2/train/images/img_03_425505100_00017.jpg,0.24355872
GC10-DET-2/train/images/img_08_4406743300_00450.jpg,0.24351099
GC10-DET-2/train/images/img_04_425501800_00017.jpg,0.24346524
GC10-DET-2/train/images/img_08_4406743300_00388.jpg,0.24339400
GC10-DET-2/train/images/img_08_4406743300_00412.jpg,0.24302657
GC10-DET-2/train/images/img_04_3437009100_00002.jpg,0.24286680
GC10-DET-2/train/images/img_02_4406772100_00193.jpg,0.24277581
GC10-DET-2/train/images/img_06_425614600_00420.jpg,0.24277234
GC10-DET-2/train/images/img_08_425638500_00713.jpg,0.24266768
GC10-DET-2/train/images/img_02_425508700_01045.jpg,0.24255702
GC10-DET-2/train/images/img_04_SIS001577_00009.jpg,0.24244040
GC10-DET-2/train/images/img_06_3403332000_00931.jpg,0.24234697
GC10-DET-2/train/images/img_08_425640100_00874.jpg,0.24219881
GC10-DET-2/train/images/img_03_3403399200_00770.jpg,0.24197873
GC10-DET-2/train/images/img_07_4404711100_00787.jpg,0.24186598
GC10-DET-2/train/images/img_07_4406645900_00647.jpg,0.24149397
GC10-DET-2/train/images/img_08_4406743300_00444.jpg,0.24129459
GC10-DET-2/train/images/img_06_425646200_00657.jpg,0.24127966
GC10-DET-2/train/images/img_03_436152900_00557.jpg,0.24119599
GC10-DET-2/train/images/img_06_4404616100_00947.jpg,0.24111158
GC10-DET-2/train/images/img_02_4406772100_00175.jpg,0.24090607
GC10-DET-2/train/images/img_08_4406743300_00699.jpg,0.24052115
GC10-DET-2/train/images/img_08_425503500_00054.jpg,0.24051647
GC10-DET-2/train/images/img_07_4406645900_00631.jpg,0.24036986
GC10-DET-2/train/images/img_07_4406645900_00620.jpg,0.24017774
GC10-DET-2/train/images/img_01_4406743300_00001.jpg,0.24009049
GC10-DET-2/train/images/img_04_425504800_00018.jpg,0.23986670
GC10-DET-2/train/images/img_07_4406772100_00002.jpg,0.23976287
GC10-DET-2/train/images/img_06_4406645900_00475.jpg,0.23967831
GC10-DET-2/train/images/img_07_4406645900_00639.jpg,0.23953171
GC10-DET-2/train/images/img_07_4406645900_00558.jpg,0.23952818
GC10-DET-2/train/images/img_02_4406783500_00009.jpg,0.23951787
GC10-DET-2/train/images/img_01_425243600_01071.jpg,0.23942345
GC10-DET-2/train/images/img_03_424992300_00311.jpg,0.23925298
GC10-DET-2/train/images/img_07_425506100_00205.jpg,0.23916161
GC10-DET-2/train/images/img_02_425508400_00382.jpg,0.23866454
GC10-DET-2/train/images/img_06_425501800_00053.jpg,0.23862267
GC10-DET-2/train/images/img_05_425243500_00898.jpg,0.23839746
GC10-DET-2/train/images/img_06_3403399500_00887.jpg,0.23821892
GC10-DET-2/train/images/img_07_3403405800_00821.jpg,0.23808092
GC10-DET-2/train/images/img_06_425616500_00769.jpg,0.23806147
GC10-DET-2/train/images/img_07_425390800_00009.jpg,0.23778179
GC10-DET-2/train/images/img_03_436152900_00593.jpg,0.23767383
GC10-DET-2/train/images/img_02_4403466900_00012.jpg,0.23761909
GC10-DET-2/train/images/img_07_3402616100_00001.jpg,0.23748741
GC10-DET-2/train/images/img_08_4406743300_00466.jpg,0.23731706
GC10-DET-2/train/images/img_04_425502300_00018.jpg,0.23726216
GC10-DET-2/train/images/img_06_425614600_00426.jpg,0.23713815
GC10-DET-2/train/images/img_08_4406743300_00429.jpg,0.23704901
GC10-DET-2/train/images/img_02_436152900_00559.jpg,0.23662129
GC10-DET-2/train/images/img_06_425614600_00415.jpg,0.23645690
GC10-DET-2/train/images/img_08_4406743300_00465.jpg,0.23632401
GC10-DET-2/train/images/img_05_425503500_00054.jpg,0.23627159
GC10-DET-2/train/images/img_08_4406743300_00428.jpg,0.23608451
GC10-DET-2/train/images/img_08_4406743300_00446.jpg,0.23580760
GC10-DET-2/train/images/img_05_425243500_01096.jpg,0.23572826
GC10-DET-2/train/images/img_07_4406645900_00560.jpg,0.23568173
GC10-DET-2/train/images/img_08_4406743300_00483.jpg,0.23563191
GC10-DET-2/train/images/img_07_4406645900_00572.jpg,0.23558718
GC10-DET-2/train/images/img_03_436164700_00257.jpg,0.23556542
GC10-DET-2/train/images/img_03_424799300_00861.jpg,0.23549552
GC10-DET-2/train/images/img_06_425507600_00053.jpg,0.23544025
GC10-DET-2/train/images/img_02_4406562900_00687.jpg,0.23542136
GC10-DET-2/train/images/img_05_4406425700_00001.jpg,0.23541285
GC10-DET-2/train/images/img_03_4403466500_00029.jpg,0.23540661
GC10-DET-2/train/images/img_03_424992300_00228.jpg,0.23539080
GC10-DET-2/train/images/img_05_3403334300_00854.jpg,0.23532875
GC10-DET-2/train/images/img_03_424992300_00274.jpg,0.23522262
GC10-DET-2/train/images/img_04_425392200_00018.jpg,0.23508982
GC10-DET-2/train/images/img_01_4403565100_00003.jpg,0.23486109
GC10-DET-2/train/images/img_07_4406645900_00576.jpg,0.23453996
GC10-DET-2/train/images/img_08_425007600_01072.jpg,0.23435073
GC10-DET-2/train/images/img_08_4406743300_00424.jpg,0.23416086
GC10-DET-2/train/images/img_05_424799300_01132.jpg,0.23415388
GC10-DET-2/train/images/img_08_4406743300_00433.jpg,0.23408902
GC10-DET-2/train/images/img_03_424825900_00211.jpg,0.23383476
GC10-DET-2/train/images/img_07_4406645900_00792.jpg,0.23372178
GC10-DET-2/train/images/img_08_4406743300_00422.jpg,0.23366319
GC10-DET-2/train/images/img_07_4406645900_00587.jpg,0.23353174
GC10-DET-2/train/images/img_07_4406645900_00502.jpg,0.23339117
GC10-DET-2/train/images/img_03_424714400_00326.jpg,0.23337644
GC10-DET-2/train/images/img_06_425501700_00053.jpg,0.23322967
GC10-DET-2/train/images/img_08_4406743300_00470.jpg,0.23302035
GC10-DET-2/train/images/img_06_4406645900_00303.jpg,0.23289068
GC10-DET-2/train/images/img_08_4406743300_00453.jpg,0.23287165
GC10-DET-2/train/images/img_06_425614600_00422.jpg,0.23283771
GC10-DET-2/train/images/img_02_4403466600_00019.jpg,0.23271656
GC10-DET-2/train/images/img_06_425614600_00425.jpg,0.23262492
GC10-DET-2/train/images/img_07_425503000_00062.jpg,0.23247717
GC10-DET-2/train/images/img_08_425613700_00782.jpg,0.23240586
GC10-DET-2/train/images/img_08_425503800_00052.jpg,0.23218383
GC10-DET-2/train/images/img_08_425637500_00653.jpg,0.23191875
GC10-DET-2/train/images/img_08_4406743300_00417.jpg,0.23167259
GC10-DET-2/train/images/img_08_4406743300_00380.jpg,0.23157085
GC10-DET-2/train/images/img_03_424992300_00279.jpg,0.23127601
GC10-DET-2/train/images/img_06_3402616100_00001.jpg,0.23066352
GC10-DET-2/train/images/img_03_4402724500_01238.jpg,0.23064180
GC10-DET-2/train/images/img_02_4406645900_00894.jpg,0.23011209
GC10-DET-2/train/images/img_05_4406645900_00563.jpg,0.23001902
GC10-DET-2/train/images/img_07_3403334900_00596.jpg,0.22996996
GC10-DET-2/train/images/img_02_436151900_00101.jpg,0.22990812
GC10-DET-2/train/images/img_06_3436814300_00056.jpg,0.22973906
GC10-DET-2/train/images/img_05_4402542900_01917.jpg,0.22970055
GC10-DET-2/train/images/img_03_425503300_00018.jpg,0.22969075
GC10-DET-2/train/images/img_07_4406645900_00649.jpg,0.22966339
GC10-DET-2/train/images/img_02_436164300_00844.jpg,0.22961441
GC10-DET-2/train/images/img_08_4406743300_00457.jpg,0.22952391
GC10-DET-2/train/images/img_06_4406645900_00291.jpg,0.22934188
GC10-DET-2/train/images/img_07_425507200_00974.jpg,0.22906534
GC10-DET-2/train/images/img_03_425613700_00782.jpg,0.22889790
GC10-DET-2/train/images/img_07_4406645900_00581.jpg,0.22887182
GC10-DET-2/train/images/img_07_4406645900_00586.jpg,0.22876219
GC10-DET-2/train/images/img_06_425503300_00053.jpg,0.22873808
GC10-DET-2/train/images/img_06_425389800_00053.jpg,0.22866008
GC10-DET-2/train/images/img_05_4402766800_00515.jpg,0.22841889
GC10-DET-2/train/images/img_02_4406645900_00304.jpg,0.22804025
GC10-DET-2/train/images/img_07_4406645900_00618.jpg,0.22801085
GC10-DET-2/train/images/img_07_4406645900_00341.jpg,0.22787012
GC10-DET-2/train/images/img_06_425614600_00459.jpg,0.22769807
GC10-DET-2/train/images/img_03_424992500_01025.jpg,0.22750905
GC10-DET-2/train/images/img_08_4406743300_00462.jpg,0.22747643
GC10-DET-2/train/images/img_08_4406743300_00434.jpg,0.22722085
GC10-DET-2/train/images/img_07_4406645900_00815.jpg,0.22711146
GC10-DET-2/train/images/img_07_4406645900_00805.jpg,0.22675005
GC10-DET-2/train/images/img_06_424798500_01234.jpg,0.22673474
GC10-DET-2/train/images/img_07_4406645900_00676.jpg,0.22671045
GC10-DET-2/train/images/img_08_4406743300_00698.jpg,0.22663075
GC10-DET-2/train/images/img_03_3403393700_00942.jpg,0.22652115
GC10-DET-2/train/images/img_07_4406645900_00740.jpg,0.22645451
GC10-DET-2/train/images/img_06_3403338800_00691.jpg,0.22637537
GC10-DET-2/train/images/img_07_435974600_00223.jpg,0.22634321
GC10-DET-2/train/images/img_03_424992500_00674.jpg,0.22624621
GC10-DET-2/train/images/img_07_4406645900_00603.jpg,0.22621170
GC10-DET-2/train/images/img_07_4406645900_00614.jpg,0.22606355
GC10-DET-2/train/images/img_07_4406645900_00774.jpg,0.22603066
GC10-DET-2/train/images/img_03_424825900_00909.jpg,0.22582130
GC10-DET-2/train/images/img_03_424798500_00467.jpg,0.22561094
GC10-DET-2/train/images/img_02_436152900_00563.jpg,0.22549269
GC10-DET-2/train/images/img_08_4406743300_00416.jpg,0.22530624
GC10-DET-2/train/images/img_07_4406645900_00355.jpg,0.22524157
GC10-DET-2/train/images/img_08_425505500_00053.jpg,0.22510701
GC10-DET-2/train/images/img_04_425502600_00017.jpg,0.22488274
GC10-DET-2/train/images/img_01_4403565100_00012.jpg,0.22486769
GC10-DET-2/train/images/img_05_425502900_00052.jpg,0.22478938
GC10-DET-2/train/images/img_03_4404376300_00098.jpg,0.22445728
GC10-DET-2/train/images/img_03_424798500_00466.jpg,0.22402641
GC10-DET-2/train/images/img_05_425243500_01116.jpg,0.22382425
GC10-DET-2/train/images/img_03_424992500_00228.jpg,0.22348844
GC10-DET-2/train/images/img_08_4406743300_00405.jpg,0.22340754
GC10-DET-2/train/images/img_06_4406645900_00451.jpg,0.22325562
GC10-DET-2/train/images/img_08_425637700_00842.jpg,0.22313780
GC10-DET-2/train/images/img_06_3402617400_01102.jpg,0.22294393
GC10-DET-2/train/images/img_06_425382900_00001.jpg,0.22276314
GC10-DET-2/train/images/img_06_425503400_00049.jpg,0.22273368
GC10-DET-2/train/images/img_07_4402625300_00104.jpg,0.22271223
GC10-DET-2/train/images/img_05_4406562900_00008.jpg,0.22262202
GC10-DET-2/train/images/img_06_424799400_01079.jpg,0.22237620
GC10-DET-2/train/images/img_06_425237000_00670.jpg,0.22224535
GC10-DET-2/train/images/img_05_425502600_00053.jpg,0.22220391
GC10-DET-2/train/images/img_07_3403405700_00736.jpg,0.22215928
GC10-DET-2/train/images/img_07_4406645900_00824.jpg,0.22206318
GC10-DET-2/train/images/img_07_4406645900_00716.jpg,0.22205181
GC10-DET-2/train/images/img_08_4403744200_01180.jpg,0.22189862
GC10-DET-2/train/images/img_05_3403334800_00898.jpg,0.22176534
GC10-DET-2/train/images/img_07_4402625300_00105.jpg,0.22173417
GC10-DET-2/train/images/img_07_425391800_00054.jpg,0.22159356
GC10-DET-2/train/images/img_08_425502100_00053.jpg,0.22148842
GC10-DET-2/train/images/img_08_4406743300_00400.jpg,0.22136490
GC10-DET-2/train/images/img_01_425241600_00283.jpg,0.22130309
GC10-DET-2/train/images/img_07_425508400_00364.jpg,0.22119568
GC10-DET-2/train/images/img_02_SIS001522_00004.jpg,0.22116274
GC10-DET-2/train/images/img_03_4402766900_00001.jpg,0.22114350
GC10-DET-2/train/images/img_05_425503800_00052.jpg,0.22087090
GC10-DET-2/train/images/img_06_425237000_00674.jpg,0.22046566
GC10-DET-2/train/images/img_02_4406783500_00008.jpg,0.22033411
GC10-DET-2/train/images/img_04_431855000_00127.jpg,0.22029902
GC10-DET-2/train/images/img_07_425004200_00982.jpg,0.22028702
GC10-DET-2/train/images/img_05_3436789300_00961.jpg,0.22018170
GC10-DET-2/train/images/img_03_4403715000_00003.jpg,0.21971156
GC10-DET-2/train/images/img_08_3403334700_00670.jpg,0.21970238
GC10-DET-2/train/images/img_01_4403565100_00020.jpg,0.21966371
GC10-DET-2/train/images/img_07_3403335700_01048.jpg,0.21941480
GC10-DET-2/train/images/img_05_425505100_00053.jpg,0.21939377
GC10-DET-2/train/images/img_07_4406645900_00842.jpg,0.21928556
GC10-DET-2/train/images/img_02_4406562900_00755.jpg,0.21879253
GC10-DET-2/train/images/img_08_4406772100_00002.jpg,0.21874192
GC10-DET-2/train/images/img_08_425502900_00052.jpg,0.21872653
GC10-DET-2/train/images/img_05_425502300_00053.jpg,0.21859708
GC10-DET-2/train/images/img_03_SIS001559_00006.jpg,0.21858349
GC10-DET-2/train/images/img_03_424992500_00609.jpg,0.21840505
GC10-DET-2/train/images/img_03_425501800_01214.jpg,0.21834910
GC10-DET-2/train/images/img_04_425501800_00018.jpg,0.21834746
GC10-DET-2/train/images/img_08_425007500_01452.jpg,0.21827479
GC10-DET-2/train/images/img_02_4406645900_00002.jpg,0.21826713
GC10-DET-2/train/images/img_03_4402270500_00004.jpg,0.21808131
GC10-DET-2/train/images/img_08_425637900_00898.jpg,0.21797188
GC10-DET-2/train/images/img_07_4406645900_00660.jpg,0.21795195
GC10-DET-2/train/images/img_08_3403334300_00853.jpg,0.21767621
GC10-DET-2/train/images/img_03_425505000_00110.jpg,0.21743280
GC10-DET-2/train/images/img_03_424992500_01040.jpg,0.21742852
GC10-DET-2/train/images/img_07_4406645900_00897.jpg,0.21741468
GC10-DET-2/train/images/img_06_3403334900_00596.jpg,0.21736473
GC10-DET-2/train/images/img_08_425244400_00900.jpg,0.21732728
GC10-DET-2/train/images/img_07_4406645900_00817.jpg,0.21683176
GC10-DET-2/train/images/img_02_424714400_00010.jpg,0.21663418
GC10-DET-2/train/images/img_03_424992500_01054.jpg,0.21638785
GC10-DET-2/train/images/img_08_4406743300_00393.jpg,0.21635532
GC10-DET-2/train/images/img_08_425502300_00053.jpg,0.21596606
GC10-DET-2/train/images/img_06_425237000_00661.jpg,0.21592478
GC10-DET-2/train/images/img_07_4405965200_00151.jpg,0.21567822
GC10-DET-2/train/images/img_01_SIS001577_00012.jpg,0.21561323
GC10-DET-2/train/images/img_02_4406645900_00310.jpg,0.21529649
GC10-DET-2/train/images/img_07_4406645900_00339.jpg,0.21520382
GC10-DET-2/train/images/img_07_3403403800_00910.jpg,0.21468064
GC10-DET-2/train/images/img_07_425508400_00969.jpg,0.21447481
GC10-DET-2/train/images/img_04_425501700_00017.jpg,0.21447366
GC10-DET-2/train/images/img_07_4406645900_00687.jpg,0.21415021
GC10-DET-2/train/images/img_08_425503000_00053.jpg,0.21401621
GC10-DET-2/train/images/img_03_436164500_00818.jpg,0.21396652
GC10-DET-2/train/images/img_07_4406645900_00693.jpg,0.21355359
GC10-DET-2/train/images/img_06_425640100_00874.jpg,0.21352252
GC10-DET-2/train/images/img_07_4406645900_00154.jpg,0.21323313
GC10-DET-2/train/images/img_03_425234000_00057.jpg,0.21317485
GC10-DET-2/train/images/img_07_435974600_00227.jpg,0.21307056
GC10-DET-2/train/images/img_05_425502100_00053.jpg,0.21273813
GC10-DET-2/train/images/img_06_3403398500_01173.jpg,0.21269941
GC10-DET-2/train/images/img_08_3403334400_00732.jpg,0.21267226
GC10-DET-2/train/images/img_02_4406772100_00755.jpg,0.21245162
GC10-DET-2/train/images/img_06_424799500_00921.jpg,0.21230836
GC10-DET-2/train/images/img_03_436185500_00212.jpg,0.21220729
GC10-DET-2/train/images/img_08_425608200_00504.jpg,0.21213962
GC10-DET-2/train/images/img_02_SIS001522_00007.jpg,0.21212226
GC10-DET-2/train/images/img_08_425638500_00091.jpg,0.21209401
GC10-DET-2/train/images/img_07_4406645900_00200.jpg,0.21198882
GC10-DET-2/train/images/img_04_425380900_00001.jpg,0.21181992
GC10-DET-2/train/images/img_02_436152900_00542.jpg,0.21176267
GC10-DET-2/train/images/img_07_425613700_00782.jpg,0.21175088
GC10-DET-2/train/images/img_03_424992500_01056.jpg,0.21143906
GC10-DET-2/train/images/img_04_4402116700_00002.jpg,0.21126975
GC10-DET-2/train/images/img_07_3403334800_00898.jpg,0.21102254
GC10-DET-2/train/images/img_08_4405230600_00994.jpg,0.21095090
GC10-DET-2/train/images/img_03_424799600_00324.jpg,0.21085316
GC10-DET-2/train/images/img_07_4406645900_00179.jpg,0.21069579
GC10-DET-2/train/images/img_06_425507000_00054.jpg,0.21068671
GC10-DET-2/train/images/img_01_425640000_00309.jpg,0.21058913
GC10-DET-2/train/images/img_03_4404892800_01027.jpg,0.21057875
GC10-DET-2/train/images/img_07_4406645900_00017.jpg,0.21056437
GC10-DET-2/train/images/img_06_425502100_00053.jpg,0.21033710
GC10-DET-2/train/images/img_03_424714400_00327.jpg,0.21012087
GC10-DET-2/train/images/img_03_436153300_01008.jpg,0.21001604
GC10-DET-2/train/images/img_02_3436788500_00879.jpg,0.20966886
GC10-DET-2/train/images/img_07_4406645900_00786.jpg,0.20952560
GC10-DET-2/train/images/img_07_3403406000_00825.jpg,0.20938915
GC10-DET-2/train/images/img_05_425243500_01098.jpg,0.20926958
GC10-DET-2/train/images/img_07_4406645900_00741.jpg,0.20874281
GC10-DET-2/train/images/img_06_425506300_00054.jpg,0.20848386
GC10-DET-2/train/images/img_02_4403955000_00001.jpg,0.20841266
GC10-DET-2/train/images/img_07_4406645900_00730.jpg,0.20796001
GC10-DET-2/train/images/img_05_424799400_01079.jpg,0.20770150
GC10-DET-2/train/images/img_01_425241700_00384.jpg,0.20735836
GC10-DET-2/train/images/img_08_425503400_00052.jpg,0.20706052
GC10-DET-2/train/images/img_07_435974600_00213.jpg,0.20695014
GC10-DET-2/train/images/img_06_4406645900_00449.jpg,0.20672625
GC10-DET-2/train/images/img_02_4406645900_00346.jpg,0.20660806
GC10-DET-2/train/images/img_08_4402304700_01005.jpg,0.20654067
GC10-DET-2/train/images/img_07_4406645900_00002.jpg,0.20638904
GC10-DET-2/train/images/img_05_424799400_01080.jpg,0.20627686
GC10-DET-2/train/images/img_03_425390700_00020.jpg,0.20625103
GC10-DET-2/train/images/img_02_4406772100_00500.jpg,0.20609687
GC10-DET-2/train/images/img_07_435974600_00217.jpg,0.20601170
GC10-DET-2/train/images/img_02_4406772100_00221.jpg,0.20601054
GC10-DET-2/train/images/img_07_4406645900_00781.jpg,0.20588957
GC10-DET-2/train/images/img_07_4406645900_00746.jpg,0.20577680
GC10-DET-2/train/images/img_02_SIS001540_00034.jpg,0.20573141
GC10-DET-2/train/images/img_01_425244400_00856.jpg,0.20556335
GC10-DET-2/train/images/img_06_3403399400_01044.jpg,0.20556259
GC10-DET-2/train/images/img_07_4406645900_00152.jpg,0.20555648
GC10-DET-2/train/images/img_07_3403406400_00797.jpg,0.20550308
GC10-DET-2/train/images/img_07_435974600_00224.jpg,0.20484543
GC10-DET-2/train/images/img_04_425391100_00017.jpg,0.20456517
GC10-DET-2/train/images/img_04_425380400_00732.jpg,0.20446785
GC10-DET-2/train/images/img_04_4402622500_00378.jpg,0.20412363
GC10-DET-2/train/images/img_04_431854700_00657.jpg,0.20409344
GC10-DET-2/train/images/img_07_4406645900_00829.jpg,0.20404054
GC10-DET-2/train/images/img_08_4402842500_01043.jpg,0.20385820
GC10-DET-2/train/images/img_02_4406772100_01181.jpg,0.20379928
GC10-DET-2/train/images/img_07_4406645900_00850.jpg,0.20351940
GC10-DET-2/train/images/img_07_4406645900_00855.jpg,0.20328365
GC10-DET-2/train/images/img_02_4406772100_01092.jpg,0.20321809
GC10-DET-2/train/images/img_05_425502700_00052.jpg,0.20317703
GC10-DET-2/train/images/img_07_4406645900_00747.jpg,0.20289165
GC10-DET-2/train/images/img_02_3436789500_00005.jpg,0.20276409
GC10-DET-2/train/images/img_04_4402622500_00374.jpg,0.20255634
GC10-DET-2/train/images/img_04_425005700_00169.jpg,0.20255274
GC10-DET-2/train/images/img_03_425614600_00001.jpg,0.20224783
GC10-DET-2/train/images/img_02_4406772100_00443.jpg,0.20219533
GC10-DET-2/train/images/img_01_425616300_00001.jpg,0.20209534
GC10-DET-2/train/images/img_06_425237000_00672.jpg,0.20198603
GC10-DET-2/train/images/img_06_425237000_00658.jpg,0.20194103
GC10-DET-2/train/images/img_03_4402117000_00003.jpg,0.20140384
GC10-DET-2/train/images/img_06_425507200_00974.jpg,0.20131689
GC10-DET-2/train/images/img_03_425501800_01208.jpg,0.20115644
GC10-DET-2/train/images/img_07_435974600_00221.jpg,0.20110473
GC10-DET-2/train/images/img_06_3403397400_00907.jpg,0.20095362
GC10-DET-2/train/images/img_03_3402617400_00898.jpg,0.20095122
GC10-DET-2/train/images/img_03_3402617400_00941.jpg,0.20050476
GC10-DET-2/train/images/img_07_4406645900_00830.jpg,0.20010932
GC10-DET-2/train/images/img_06_425503400_00052.jpg,0.19991004
GC10-DET-2/train/images/img_06_425389900_00054.jpg,0.19988757
GC10-DET-2/train/images/img_07_4406645900_00771.jpg,0.19965068
GC10-DET-2/train/images/img_02_4406772100_00371.jpg,0.19909410
GC10-DET-2/train/images/img_06_436164500_01565.jpg,0.19901414
GC10-DET-2/train/images/img_07_3402617400_01102.jpg,0.19890094
GC10-DET-2/train/images/img_06_436166500_01098.jpg,0.19875854
GC10-DET-2/train/images/img_07_4406645900_00753.jpg,0.19868323
GC10-DET-2/train/images/img_06_425505100_00052.jpg,0.19865973
GC10-DET-2/train/images/img_03_3402617700_00653.jpg,0.19857349
GC10-DET-2/train/images/img_02_4406772100_00672.jpg,0.19834250
GC10-DET-2/train/images/img_07_4406645900_00657.jpg,0.19809699
GC10-DET-2/train/images/img_07_435974600_00226.jpg,0.19809070
GC10-DET-2/train/images/img_02_4406772100_00695.jpg,0.19787595
GC10-DET-2/train/images/img_07_435974600_00230.jpg,0.19779561
GC10-DET-2/train/images/img_08_425505500_00052.jpg,0.19777754
GC10-DET-2/train/images/img_07_435974600_00215.jpg,0.19762185
GC10-DET-2/train/images/img_06_425237000_00662.jpg,0.19754857
GC10-DET-2/train/images/img_03_425501800_01220.jpg,0.19752449
GC10-DET-2/train/images/img_03_424992500_01073.jpg,0.19736159
GC10-DET-2/train/images/img_07_4406645900_00661.jpg,0.19734144
GC10-DET-2/train/images/img_02_436152900_00533.jpg,0.19721337
GC10-DET-2/train/images/img_03_3402617400_00919.jpg,0.19710205
GC10-DET-2/train/images/img_03_3402617700_00886.jpg,0.19704774
GC10-DET-2/train/images/img_03_424992500_01102.jpg,0.19692394
GC10-DET-2/train/images/img_07_435974600_00220.jpg,0.19668554
GC10-DET-2/train/images/img_05_425243500_00953.jpg,0.19602185
GC10-DET-2/train/images/img_03_424826800_00254.jpg,0.19565395
GC10-DET-2/train/images/img_04_4402622500_00376.jpg,0.19558550
GC10-DET-2/train/images/img_07_425508700_00363.jpg,0.19548525
GC10-DET-2/train/images/img_07_4406645900_00650.jpg,0.19512141
GC10-DET-2/train/images/img_07_4406645900_00863.jpg,0.19510162
GC10-DET-2/train/images/img_02_4406772100_00243.jpg,0.19490696
GC10-DET-2/train/images/img_03_424992500_00482.jpg,0.19474134
GC10-DET-2/train/images/img_06_425508700_00362.jpg,0.19461271
GC10-DET-2/train/images/img_06_425507200_00976.jpg,0.19453317
GC10-DET-2/train/images/img_07_4406645900_00859.jpg,0.19450781
GC10-DET-2/train/images/img_02_425237000_00520.jpg,0.19440624
GC10-DET-2/train/images/img_07_4405227700_00146.jpg,0.19431670
GC10-DET-2/train/images/img_03_425501100_00018.jpg,0.19407639
GC10-DET-2/train/images/img_05_425243500_00895.jpg,0.19401264
GC10-DET-2/train/images/img_02_424799200_00387.jpg,0.19386670
GC10-DET-2/train/images/img_08_4406424900_00001.jpg,0.19383374
GC10-DET-2/train/images/img_07_4406645900_00145.jpg,0.19362868
GC10-DET-2/train/images/img_07_4404613900_01090.jpg,0.19352242
GC10-DET-2/train/images/img_02_4406772100_00305.jpg,0.19334522
GC10-DET-2/train/images/img_06_425505500_00052.jpg,0.19288476
GC10-DET-2/train/images/img_01_425241600_00649.jpg,0.19259579
GC10-DET-2/train/images/img_06_425638500_00714.jpg,0.19253224
GC10-DET-2/train/images/img_07_425391000_00291.jpg,0.19242643
GC10-DET-2/train/images/img_02_4406772100_00324.jpg,0.19240271
GC10-DET-2/train/images/img_04_431854200_00007.jpg,0.19223884
GC10-DET-2/train/images/img_08_425382400_00001.jpg,0.19221501
GC10-DET-2/train/images/img_02_425505400_01038.jpg,0.19217719
GC10-DET-2/train/images/img_07_425243200_00005.jpg,0.19205603
GC10-DET-2/train/images/img_03_424826800_00361.jpg,0.19199617
GC10-DET-2/train/images/img_03_3402564500_00001.jpg,0.19150861
GC10-DET-2/train/images/img_05_425391800_00054.jpg,0.19143496
GC10-DET-2/train/images/img_06_425504800_00053.jpg,0.19124539
GC10-DET-2/train/images/img_08_4406743300_00381.jpg,0.19092314
GC10-DET-2/train/images/img_05_425503400_00052.jpg,0.19091628
GC10-DET-2/train/images/img_03_3402617700_00053.jpg,0.19072114
GC10-DET-2/train/images/img_07_435974600_00211.jpg,0.19071953
GC10-DET-2/train/images/img_07_425507400_01692.jpg,0.19060913
GC10-DET-2/train/images/img_03_425505500_00298.jpg,0.19041984
GC10-DET-2/train/images/img_08_4403744200_01177.jpg,0.19015370
GC10-DET-2/train/images/img_08_425505100_00052.jpg,0.19011194
GC10-DET-2/train/images/img_07_4406645900_00659.jpg,0.19005708
GC10-DET-2/train/images/img_02_4406772100_00275.jpg,0.18999355
GC10-DET-2/train/images/img_07_3403404600_01001.jpg,0.18987155
GC10-DET-2/train/images/img_06_425506300_01024.jpg,0.18984474
GC10-DET-2/train/images/img_05_425243500_00952.jpg,0.18981358
GC10-DET-2/train/images/img_06_3402617700_00988.jpg,0.18978284
GC10-DET-2/train/images/img_05_3403334500_00811.jpg,0.18974076
GC10-DET-2/train/images/img_02_436152900_00532.jpg,0.18962777
GC10-DET-2/train/images/img_03_4402724500_01242.jpg,0.18944335
GC10-DET-2/train/images/img_03_4406645900_00009.jpg,0.18907461
GC10-DET-2/train/images/img_01_425244100_00158.jpg,0.18906631
GC10-DET-2/train/images/img_07_435974600_00212.jpg,0.18893565
GC10-DET-2/train/images/img_03_425508400_00380.jpg,0.18867651
GC10-DET-2/train/images/img_06_425501900_00054.jpg,0.18843803
GC10-DET-2/train/images/img_07_425508400_00968.jpg,0.18702902
GC10-DET-2/train/images/img_03_436156500_01005.jpg,0.18677321
GC10-DET-2/train/images/img_03_436152900_00543.jpg,0.18650933
GC10-DET-2/train/images/img_03_4406645900_00017.jpg,0.18640025
GC10-DET-2/train/images/img_04_4403453700_00019.jpg,0.18611345
GC10-DET-2/train/images/img_03_425506400_00018.jpg,0.18590212
GC10-DET-2/train/images/img_07_4406645900_00852.jpg,0.18572342
GC10-DET-2/train/images/img_04_431855000_00121.jpg,0.18549216
GC10-DET-2/train/images/img_03_3402617700_00386.jpg,0.18546656
GC10-DET-2/train/images/img_06_3403398200_01043.jpg,0.18531013
GC10-DET-2/train/images/img_07_4406645900_00655.jpg,0.18497993
GC10-DET-2/train/images/img_07_425390900_00056.jpg,0.18445590
GC10-DET-2/train/images/img_03_425501800_01196.jpg,0.18419532
GC10-DET-2/train/images/img_07_4406645900_00046.jpg,0.18405479
GC10-DET-2/train/images/img_03_3402617700_00783.jpg,0.18405189
GC10-DET-2/train/images/img_03_424799600_00800.jpg,0.18361759
GC10-DET-2/train/images/img_02_425508600_00684.jpg,0.18360230
GC10-DET-2/train/images/img_03_425501800_01202.jpg,0.18347353
GC10-DET-2/train/images/img_02_436152900_00547.jpg,0.18345878
GC10-DET-2/train/images/img_08_425638500_00036.jpg,0.18337156
GC10-DET-2/train/images/img_07_435974600_00218.jpg,0.18331727
GC10-DET-2/train/images/img_08_436068100_00869.jpg,0.18325891
GC10-DET-2/train/images/img_07_425008500_00312.jpg,0.18323031
GC10-DET-2/train/images/img_06_3403403800_00910.jpg,0.18303128
GC10-DET-2/train/images/img_08_425640000_00634.jpg,0.18297379
GC10-DET-2/train/images/img_04_4402622500_00371.jpg,0.18292439
GC10-DET-2/train/images/img_08_425503100_00053.jpg,0.18275730
GC10-DET-2/train/images/img_08_425502700_00052.jpg,0.18267033
GC10-DET-2/train/images/img_07_425508700_00362.jpg,0.18259710
GC10-DET-2/train/images/img_08_4403744200_01172.jpg,0.18257019
GC10-DET-2/train/images/img_05_425505000_00051.jpg,0.18189308
GC10-DET-2/train/images/img_06_424799200_00013.jpg,0.18186793
GC10-DET-2/train/images/img_05_425505500_00052.jpg,0.18181841
GC10-DET-2/train/images/img_08_425391800_00054.jpg,0.18179251
GC10-DET-2/train/images/img_07_4404615700_01264.jpg,0.18158206
GC10-DET-2/train/images/img_06_3436814300_00050.jpg,0.18144529
GC10-DET-2/train/images/img_03_425506300_00018.jpg,0.18141657
GC10-DET-2/train/images/img_05_425392200_00053.jpg,0.18115287
GC10-DET-2/train/images/img_06_425506300_01034.jpg,0.18111847
GC10-DET-2/train/images/img_06_425506300_01025.jpg,0.18098709
GC10-DET-2/train/images/img_08_3437011100_00687.jpg,0.18087341
GC10-DET-2/train/images/img_06_425506600_00054.jpg,0.18084729
GC10-DET-2/train/images/img_03_3402617500_00138.jpg,0.18067399
GC10-DET-2/train/images/img_03_425622700_00002.jpg,0.18067044
GC10-DET-2/train/images/img_02_4406772100_00531.jpg,0.18056443
GC10-DET-2/train/images/img_06_424799300_01133.jpg,0.18054052
GC10-DET-2/train/images/img_06_425237000_00664.jpg,0.18042880
GC10-DET-2/train/images/img_07_435974600_00214.jpg,0.18042788
GC10-DET-2/train/images/img_06_3403394100_01318.jpg,0.18033016
GC10-DET-2/train/images/img_04_4402622500_00377.jpg,0.18019079
GC10-DET-2/train/images/img_02_436183700_00098.jpg,0.17971332
GC10-DET-2/train/images/img_03_424799200_00260.jpg,0.17968635
GC10-DET-2/train/images/img_08_425505000_00051.jpg,0.17957869
GC10-DET-2/train/images/img_02_4404580000_00041.jpg,0.17953598
GC10-DET-2/train/images/img_07_425390100_00053.jpg,0.17936525
GC10-DET-2/train/images/img_06_425237000_00660.jpg,0.17915054
GC10-DET-2/train/images/img_08_425506100_00161.jpg,0.17907752
GC10-DET-2/train/images/img_08_3437011100_00694.jpg,0.17901953
GC10-DET-2/train/images/img_07_425508400_00965.jpg,0.17879032
GC10-DET-2/train/images/img_02_4406446700_00001.jpg,0.17770651
GC10-DET-2/train/images/img_03_436185000_00003.jpg,0.17770563
GC10-DET-2/train/images/img_03_424992300_00223.jpg,0.17739542
GC10-DET-2/train/images/img_06_425392500_00834.jpg,0.17691338
GC10-DET-2/train/images/img_06_425392300_00387.jpg,0.17666224
GC10-DET-2/train/images/img_07_424799400_01080.jpg,0.17604634
GC10-DET-2/train/images/img_05_425505900_01176.jpg,0.17585495
GC10-DET-2/train/images/img_08_425503600_00053.jpg,0.17575812
GC10-DET-2/train/images/img_05_425505500_00053.jpg,0.17552160
GC10-DET-2/train/images/img_06_425506400_00054.jpg,0.17550854
GC10-DET-2/train/images/img_01_425241600_00041.jpg,0.17541884
GC10-DET-2/train/images/img_05_424798500_01234.jpg,0.17538561
GC10-DET-2/train/images/img_02_4406772100_00602.jpg,0.17537215
GC10-DET-2/train/images/img_04_4402622500_00375.jpg,0.17533086
GC10-DET-2/train/images/img_05_425503600_00053.jpg,0.17501077
GC10-DET-2/train/images/img_03_SIS001546_00041.jpg,0.17481251
GC10-DET-2/train/images/img_03_424992500_00388.jpg,0.17453964
GC10-DET-2/train/images/img_07_425390900_00054.jpg,0.17408672
GC10-DET-2/train/images/img_06_425237000_00773.jpg,0.17397772
GC10-DET-2/train/images/img_07_425390900_00055.jpg,0.17385963
GC10-DET-2/train/images/img_03_3402617700_00768.jpg,0.17377076
GC10-DET-2/train/images/img_06_3402617500_00787.jpg,0.17363548
GC10-DET-2/train/images/img_06_425508200_00471.jpg,0.17280400
GC10-DET-2/train/images/img_02_425622000_00002.jpg,0.17247698
GC10-DET-2/train/images/img_06_3403331500_01351.jpg,0.17244667
GC10-DET-2/train/images/img_08_3437011100_00685.jpg,0.17229716
GC10-DET-2/train/images/img_03_3402617700_00118.jpg,0.17219457
GC10-DET-2/train/images/img_05_4402842500_01044.jpg,0.17210020
GC10-DET-2/train/images/img_06_425506300_01026.jpg,0.17206636
GC10-DET-2/train/images/img_07_425100400_00067.jpg,0.17165397
GC10-DET-2/train/images/img_07_427199900_01135.jpg,0.17141469
GC10-DET-2/train/images/img_03_436164300_00327.jpg,0.17125714
GC10-DET-2/train/images/img_03_3402617700_00394.jpg,0.17123450
GC10-DET-2/train/images/img_03_3402617400_00947.jpg,0.17108671
GC10-DET-2/train/images/img_01_425243600_00329.jpg,0.17106928
GC10-DET-2/train/images/img_01_425244300_00309.jpg,0.17071268
GC10-DET-2/train/images/img_06_425507200_00054.jpg,0.17025746
GC10-DET-2/train/images/img_03_425501800_01184.jpg,0.17004929
GC10-DET-2/train/images/img_05_425504800_00052.jpg,0.16989891
GC10-DET-2/train/images/img_06_425506300_01027.jpg,0.16977014
GC10-DET-2/train/images/img_04_425005700_00163.jpg,0.16954698
GC10-DET-2/train/images/img_06_425613600_00581.jpg,0.16925399
GC10-DET-2/train/images/img_06_425508300_00930.jpg,0.16920516
GC10-DET-2/train/images/img_03_424992500_01064.jpg,0.16910583
GC10-DET-2/train/images/img_04_4402622500_00373.jpg,0.16906218
GC10-DET-2/train/images/img_03_3437006500_00035.jpg,0.16891031
GC10-DET-2/train/images/img_03_425503100_00066.jpg,0.16888958
GC10-DET-2/train/images/img_07_425390900_00058.jpg,0.16869546
GC10-DET-2/train/images/img_06_425243200_00116.jpg,0.16854411
GC10-DET-2/train/images/img_08_425504800_00053.jpg,0.16812277
GC10-DET-2/train/images/img_05_425505100_00052.jpg,0.16712537
GC10-DET-2/train/images/img_06_425502300_01395.jpg,0.16696487
GC10-DET-2/train/images/img_03_425501800_01190.jpg,0.16679825
GC10-DET-2/train/images/img_04_425382600_00050.jpg,0.16655988
GC10-DET-2/train/images/img_06_425501100_00051.jpg,0.16654569
GC10-DET-2/train/images/img_08_3436783900_01352.jpg,0.16650961
GC10-DET-2/train/images/img_08_3437011100_00683.jpg,0.16634251
GC10-DET-2/train/images/img_08_425502600_00052.jpg,0.16629651
GC10-DET-2/train/images/img_02_4406772100_00673.jpg,0.16615470
GC10-DET-2/train/images/img_07_425508300_00928.jpg,0.16584300
GC10-DET-2/train/images/img_03_425503100_00068.jpg,0.16584028
GC10-DET-2/train/images/img_08_427199900_01134.jpg,0.16543865
GC10-DET-2/train/images/img_02_424799300_00072.jpg,0.16521172
GC10-DET-2/train/images/img_06_425502300_01438.jpg,0.16509198
GC10-DET-2/train/images/img_07_425507400_01690.jpg,0.16458842
GC10-DET-2/train/images/img_06_425003700_00968.jpg,0.16457301
GC10-DET-2/train/images/img_03_425501800_01160.jpg,0.16452140
GC10-DET-2/train/images/img_08_425391700_00187.jpg,0.16423619
GC10-DET-2/train/images/img_07_425508300_00929.jpg,0.16383584
GC10-DET-2/train/images/img_07_425390900_00057.jpg,0.16371556
GC10-DET-2/train/images/img_06_436164000_00005.jpg,0.16366979
GC10-DET-2/train/images/img_06_425505400_00052.jpg,0.16362554
GC10-DET-2/train/images/img_06_425506300_01029.jpg,0.16347679
GC10-DET-2/train/images/img_03_425501800_01100.jpg,0.16345701
GC10-DET-2/train/images/img_03_424992500_00437.jpg,0.16334109
GC10-DET-2/train/images/img_06_425502300_01398.jpg,0.16307482
GC10-DET-2/train/images/img_06_425502300_01397.jpg,0.16307266
GC10-DET-2/train/images/img_06_4406772100_00002.jpg,0.16286102
GC10-DET-2/train/images/img_03_425391800_00255.jpg,0.16284117
GC10-DET-2/train/images/img_02_4406772100_00887.jpg,0.16276184
GC10-DET-2/train/images/img_03_425620300_00001.jpg,0.16224632
GC10-DET-2/train/images/img_03_425501800_01142.jpg,0.16162004
GC10-DET-2/train/images/img_01_4403565100_00038.jpg,0.16159084
GC10-DET-2/train/images/img_08_425391700_00181.jpg,0.16137424
GC10-DET-2/train/images/img_08_3437011100_00684.jpg,0.16107811
GC10-DET-2/train/images/img_07_425390900_00061.jpg,0.16097644
GC10-DET-2/train/images/img_06_425508600_00938.jpg,0.16051795
GC10-DET-2/train/images/img_08_425008500_00873.jpg,0.16012967
GC10-DET-2/train/images/img_06_425502300_01396.jpg,0.16005413
GC10-DET-2/train/images/img_08_425506600_00952.jpg,0.15991037
GC10-DET-2/train/images/img_05_4405381400_00774.jpg,0.15949082
GC10-DET-2/train/images/img_06_425502300_01437.jpg,0.15895966
GC10-DET-2/train/images/img_08_425505100_00053.jpg,0.15880471
GC10-DET-2/train/images/img_02_4406772100_00404.jpg,0.15861617
GC10-DET-2/train/images/img_07_425100400_00100.jpg,0.15841828
GC10-DET-2/train/images/img_07_425508300_00927.jpg,0.15750761
GC10-DET-2/train/images/img_07_436163600_00085.jpg,0.15748706
GC10-DET-2/train/images/img_03_425501800_01148.jpg,0.15748098
GC10-DET-2/train/images/img_06_425508300_00929.jpg,0.15739091
GC10-DET-2/train/images/img_03_3402617100_00119.jpg,0.15726025
GC10-DET-2/train/images/img_06_425505900_00054.jpg,0.15706767
GC10-DET-2/train/images/img_07_436163600_00084.jpg,0.15700507
GC10-DET-2/train/images/img_05_4403831800_00930.jpg,0.15679508
GC10-DET-2/train/images/img_07_425390900_00053.jpg,0.15657471
GC10-DET-2/train/images/img_03_425501800_01154.jpg,0.15582721
GC10-DET-2/train/images/img_08_425006600_00930.jpg,0.15569596
GC10-DET-2/train/images/img_01_425392500_00788.jpg,0.15568292
GC10-DET-2/train/images/img_02_4406772100_00758.jpg,0.15549859
GC10-DET-2/train/images/img_02_425237600_00302.jpg,0.15545112
GC10-DET-2/train/images/img_03_425501800_01166.jpg,0.15541452
GC10-DET-2/train/images/img_06_425503600_00053.jpg,0.15514801
GC10-DET-2/train/images/img_03_425391800_00249.jpg,0.15485471
GC10-DET-2/train/images/img_04_425503600_00019.jpg,0.15483664
GC10-DET-2/train/images/img_06_425637900_00899.jpg,0.15470277
GC10-DET-2/train/images/img_02_424799200_00450.jpg,0.15420410
GC10-DET-2/train/images/img_08_425638500_00714.jpg,0.15401407
GC10-DET-2/train/images/img_07_425390900_00062.jpg,0.15382749
GC10-DET-2/train/images/img_07_425390900_00065.jpg,0.15375607
GC10-DET-2/train/images/img_08_425506100_00400.jpg,0.15360962
GC10-DET-2/train/images/img_08_4402842500_01044.jpg,0.15353434
GC10-DET-2/train/images/img_03_424992300_00206.jpg,0.15339141
GC10-DET-2/train/images/img_06_425506300_01030.jpg,0.15326761
GC10-DET-2/train/images/img_03_425501800_01136.jpg,0.15317366
GC10-DET-2/train/images/img_06_425506300_01028.jpg,0.15304442
GC10-DET-2/train/images/img_06_425502300_01401.jpg,0.15287590
GC10-DET-2/train/images/img_07_425508400_00967.jpg,0.15229931
GC10-DET-2/train/images/img_03_425637500_00012.jpg,0.15217027
GC10-DET-2/train/images/img_08_425639900_00613.jpg,0.15179753
GC10-DET-2/train/images/img_03_3402617400_00869.jpg,0.15121973
GC10-DET-2/train/images/img_08_425391700_00089.jpg,0.15101691
GC10-DET-2/train/images/img_06_425502300_01406.jpg,0.15084851
GC10-DET-2/train/images/img_08_3437011100_00686.jpg,0.15067881
GC10-DET-2/train/images/img_07_425390900_00059.jpg,0.15031759
GC10-DET-2/train/images/img_01_4403565100_00009.jpg,0.15016758
GC10-DET-2/train/images/img_07_425100400_00094.jpg,0.14991947
GC10-DET-2/train/images/img_04_4406742400_00684.jpg,0.14972994
GC10-DET-2/train/images/img_06_425502300_01399.jpg,0.14936282
GC10-DET-2/train/images/img_07_425390900_00083.jpg,0.14900835
GC10-DET-2/train/images/img_06_425502300_01408.jpg,0.14870010
GC10-DET-2/train/images/img_07_425508300_00926.jpg,0.14862716
GC10-DET-2/train/images/img_02_4404892700_01142.jpg,0.14836152
GC10-DET-2/train/images/img_07_4406444100_00004.jpg,0.14805779
GC10-DET-2/train/images/img_05_424826300_00950.jpg,0.14783661
GC10-DET-2/train/images/img_06_425502300_01403.jpg,0.14771591
GC10-DET-2/train/images/img_08_425008500_00872.jpg,0.14769597
GC10-DET-2/train/images/img_01_4403565100_00007.jpg,0.14752449
GC10-DET-2/train/images/img_08_425391700_00179.jpg,0.14735629
GC10-DET-2/train/images/img_07_425390900_00071.jpg,0.14732686
GC10-DET-2/train/images/img_06_425502300_01402.jpg,0.14731923
GC10-DET-2/train/images/img_06_425502300_01410.jpg,0.14718492
GC10-DET-2/train/images/img_07_425100400_00088.jpg,0.14679360
GC10-DET-2/train/images/img_03_3402617700_00745.jpg,0.14640722
GC10-DET-2/train/images/img_06_425237000_00673.jpg,0.14633636
GC10-DET-2/train/images/img_07_425390900_00087.jpg,0.14632459
GC10-DET-2/train/images/img_06_425502300_01404.jpg,0.14627056
GC10-DET-2/train/images/img_01_425392300_00404.jpg,0.14611423
GC10-DET-2/train/images/img_02_425646200_00628.jpg,0.14571002
GC10-DET-2/train/images/img_07_425390900_00086.jpg,0.14544520
GC10-DET-2/train/images/img_05_425502600_00052.jpg,0.14538054
GC10-DET-2/train/images/img_08_425506100_00159.jpg,0.14537098
GC10-DET-2/train/images/img_07_425008500_00314.jpg,0.14511441
GC10-DET-2/train/images/img_06_425502300_01405.jpg,0.14510238
GC10-DET-2/train/images/img_03_424799600_00382.jpg,0.14500029
GC10-DET-2/train/images/img_08_425507600_00361.jpg,0.14478406
GC10-DET-2/train/images/img_02_4405230800_01128.jpg,0.14435972
GC10-DET-2/train/images/img_06_425502300_01409.jpg,0.14413290
GC10-DET-2/train/images/img_03_425501800_01106.jpg,0.14412872
GC10-DET-2/train/images/img_03_425501800_01130.jpg,0.14403509
GC10-DET-2/train/images/img_08_424799400_01079.jpg,0.14329568
GC10-DET-2/train/images/img_03_424992500_00514.jpg,0.14323190
GC10-DET-2/train/images/img_06_425502300_01400.jpg,0.14296299
GC10-DET-2/train/images/img_08_4403744200_01175.jpg,0.14249632
GC10-DET-2/train/images/img_07_425390900_00069.jpg,0.14198740
GC10-DET-2/train/images/img_07_425390900_00075.jpg,0.14190413
GC10-DET-2/train/images/img_04_4406742400_00645.jpg,0.14154498
GC10-DET-2/train/images/img_08_425506100_01058.jpg,0.14079672
GC10-DET-2/train/images/img_06_425502300_01407.jpg,0.14003235
GC10-DET-2/train/images/img_07_425100400_00082.jpg,0.13999991
GC10-DET-2/train/images/img_06_425237000_00834.jpg,0.13998388
GC10-DET-2/train/images/img_07_425390900_00074.jpg,0.13996546
GC10-DET-2/train/images/img_07_425390900_00111.jpg,0.13993712
GC10-DET-2/train/images/img_03_SIS001546_00060.jpg,0.13978063
GC10-DET-2/train/images/img_07_425390900_00052.jpg,0.13971385
GC10-DET-2/train/images/img_08_424799300_01132.jpg,0.13950773
GC10-DET-2/train/images/img_05_425502900_00053.jpg,0.13940294
GC10-DET-2/train/images/img_07_425390900_00063.jpg,0.13854633
GC10-DET-2/train/images/img_06_425237000_00528.jpg,0.13843425
GC10-DET-2/train/images/img_07_425390900_00077.jpg,0.13841218
GC10-DET-2/train/images/img_03_425502900_00019.jpg,0.13829227
GC10-DET-2/train/images/img_02_425646200_00629.jpg,0.13825993
GC10-DET-2/train/images/img_08_425506100_01068.jpg,0.13803323
GC10-DET-2/train/images/img_06_425506100_00177.jpg,0.13746175
GC10-DET-2/train/images/img_02_4404580000_00068.jpg,0.13735870
GC10-DET-2/train/images/img_02_424799300_00040.jpg,0.13697822
GC10-DET-2/train/images/img_03_3402617700_00456.jpg,0.13668434
GC10-DET-2/train/images/img_07_425390900_00113.jpg,0.13510028
GC10-DET-2/train/images/img_01_425392100_00662.jpg,0.13509069
GC10-DET-2/train/images/img_06_425508300_00928.jpg,0.13458380
GC10-DET-2/train/images/img_07_425390900_00080.jpg,0.13438489
GC10-DET-2/train/images/img_02_424799300_00146.jpg,0.13418292
GC10-DET-2/train/images/img_06_425508300_00927.jpg,0.13399716
GC10-DET-2/train/images/img_01_425244100_00682.jpg,0.13359630
GC10-DET-2/train/images/img_03_424992300_00216.jpg,0.13337548
GC10-DET-2/train/images/img_01_425241700_00432.jpg,0.13316733
GC10-DET-2/train/images/img_08_424826800_00002.jpg,0.13267507
GC10-DET-2/train/images/img_08_4403744200_01181.jpg,0.13266635
GC10-DET-2/train/images/img_08_425506100_01051.jpg,0.13251761
GC10-DET-2/train/images/img_07_425390900_00081.jpg,0.13221420
GC10-DET-2/train/images/img_03_3402617100_00131.jpg,0.13154200
GC10-DET-2/train/images/img_08_425506100_00260.jpg,0.13130437
GC10-DET-2/train/images/img_08_425391700_00183.jpg,0.13123778
GC10-DET-2/train/images/img_08_425506100_01053.jpg,0.13091695
GC10-DET-2/train/images/img_06_425637500_00002.jpg,0.13023983
GC10-DET-2/train/images/img_08_425391700_00191.jpg,0.12878475
GC10-DET-2/train/images/img_08_425506100_01064.jpg,0.12868884
GC10-DET-2/train/images/img_08_425501100_00051.jpg,0.12845692
GC10-DET-2/train/images/img_05_425504900_00057.jpg,0.12843020
GC10-DET-2/train/images/img_08_425508100_01618.jpg,0.12780583
GC10-DET-2/train/images/img_08_424798500_01234.jpg,0.12753634
GC10-DET-2/train/images/img_08_425391700_00198.jpg,0.12534569
GC10-DET-2/train/images/img_08_424799600_00001.jpg,0.12505059
GC10-DET-2/train/images/img_08_425507200_00333.jpg,0.12483002
GC10-DET-2/train/images/img_08_425391700_00189.jpg,0.12465227
GC10-DET-2/train/images/img_04_4402622500_00364.jpg,0.12457097
GC10-DET-2/train/images/img_06_425644300_00598.jpg,0.12452495
GC10-DET-2/train/images/img_08_424799400_01080.jpg,0.12443618
GC10-DET-2/train/images/img_08_425391700_00184.jpg,0.12397455
GC10-DET-2/train/images/img_04_4402622500_00357.jpg,0.12115815
GC10-DET-2/train/images/img_08_424826300_00950.jpg,0.12077257
GC10-DET-2/train/images/img_06_425503000_00053.jpg,0.11934046
GC10-DET-2/train/images/img_08_425508100_01294.jpg,0.11771374
GC10-DET-2/train/images/img_08_4405167700_00657.jpg,0.11697571
GC10-DET-2/train/images/img_08_425391700_00095.jpg,0.11597582
GC10-DET-2/train/images/img_08_425504800_00052.jpg,0.11550919
GC10-DET-2/train/images/img_03_425503100_00067.jpg,0.11496425
GC10-DET-2/train/images/img_07_425390900_00110.jpg,0.11490862
GC10-DET-2/train/images/img_03_3402617700_00707.jpg,0.11364836
GC10-DET-2/train/images/img_07_425503000_00053.jpg,0.11347381
GC10-DET-2/train/images/img_03_SIS001546_00029.jpg,0.11318089
GC10-DET-2/train/images/img_08_425508200_00402.jpg,0.11276828
GC10-DET-2/train/images/img_08_425391700_00188.jpg,0.11247482
GC10-DET-2/train/images/img_08_425508200_00024.jpg,0.11216623
GC10-DET-2/train/images/img_08_425506100_01047.jpg,0.11115408
GC10-DET-2/train/images/img_08_425508200_00359.jpg,0.11083052
GC10-DET-2/train/images/img_04_425237600_00360.jpg,0.11073428
GC10-DET-2/train/images/img_03_3437006500_00033.jpg,0.11053689
GC10-DET-2/train/images/img_04_4402622500_00362.jpg,0.10909896
GC10-DET-2/train/images/img_04_425237600_00367.jpg,0.10810128
GC10-DET-2/train/images/img_08_425508200_00043.jpg,0.10730180
GC10-DET-2/train/images/img_08_425508100_01624.jpg,0.10704366
GC10-DET-2/train/images/img_07_425508700_01012.jpg,0.10639906
GC10-DET-2/train/images/img_08_425508100_01404.jpg,0.10631553
GC10-DET-2/train/images/img_02_425391800_00025.jpg,0.10617412
GC10-DET-2/train/images/img_03_3402617100_00120.jpg,0.10603676
GC10-DET-2/train/images/img_08_4405134000_01043.jpg,0.10508127
GC10-DET-2/train/images/img_08_425391700_00185.jpg,0.10487425
GC10-DET-2/train/images/img_08_425391700_00182.jpg,0.10330918
GC10-DET-2/train/images/img_04_4402622500_00355.jpg,0.10179346
GC10-DET-2/train/images/img_08_425508200_00403.jpg,0.10166846
GC10-DET-2/train/images/img_08_425503300_00053.jpg,0.10069165
GC10-DET-2/train/images/img_02_SIS001540_00088.jpg,0.09950599
GC10-DET-2/train/images/img_04_425237600_00408.jpg,0.09864004
GC10-DET-2/train/images/img_08_425506100_01049.jpg,0.09675402
GC10-DET-2/train/images/img_08_425508100_01398.jpg,0.09234005
GC10-DET-2/train/images/img_08_425508100_00977.jpg,0.08386263
GC10-DET-2/train/images/img_06_425391700_00039.jpg,0.08261488
GC10-DET-2/train/images/img_08_425508700_00666.jpg,0.08088225
GC10-DET-2/train/images/img_08_425508200_00361.jpg,0.08077028
GC10-DET-2/train/images/img_08_425508200_00033.jpg,0.07926160
GC10-DET-2/train/images/img_08_425508200_00375.jpg,0.07724096
GC10-DET-2/train/images/img_08_425508200_00363.jpg,0.07456725
GC10-DET-2/train/images/img_02_SIS001540_00105.jpg,0.07301856
GC10-DET-2/train/images/img_03_SIS001546_00031.jpg,0.07017893
GC10-DET-2/train/images/img_03_3402617100_00124.jpg,0.07012879
GC10-DET-2/train/images/img_08_425508200_00046.jpg,0.06912313
GC10-DET-2/train/images/img_08_425508300_00656.jpg,0.06296988
GC10-DET-2/train/images/img_03_4403466600_00018.jpg,0.06030758
GC10-DET-2/train/images/img_08_425508600_00656.jpg,0.06005134
GC10-DET-2/train/images/img_08_4405229800_01204.jpg,0.05947506
GC10-DET-2/train/images/img_08_425508200_00364.jpg,0.05943293
